1,0.820,1415110589,user_group-2,0.648335,,{}
2,0.866,1415110589,user_group-2,0.688731,,{}
3,0.910,1415110589,user_group-1,0.732038,,{}
4,0.958,1415110589,user_group-1,0.768818,,{}
5,0.997,1415110589,user_group-1,0.812236,,{}
6,1.028,1415110589,user_group-1,0.856709,,{}
7,1.053,1415110589,user_group-1,0.873216,,{}
8,1.090,1415110589,user_group-2,0.900700,,{}
9,1.119,1415110589,user_group-2,0.938272,,{}
10,1.143,1415110589,user_group-2,0.945651,,{}
11,1.183,1415110589,user_group-2,1.000706,,{}
12,1.215,1415110589,user_group-2,1.037357,,{}
13,1.244,1415110589,user_group-2,1.058995,,{}
14,1.249,1415110589,user_group-1,1.055825,,{}
15,1.261,1415110589,user_group-2,1.074405,,{}
16,1.291,1415110589,user_group-1,1.113898,,{}
17,1.308,1415110589,user_group-1,1.124901,,{}
18,1.326,1415110589,user_group-2,1.133122,,{}
19,1.414,1415110589,user_group-2,0.592029,,{}
20,1.460,1415110589,user_group-2,0.593650,,{}
21,1.502,1415110589,user_group-1,0.591770,,{}
22,1.555,1415110589,user_group-1,0.596248,,{}
23,1.584,1415110589,user_group-1,0.587235,,{}
24,1.626,1415110589,user_group-1,0.572174,,{}
25,1.646,1415110590,user_group-1,0.617619,,{}
26,1.693,1415110590,user_group-2,0.603177,,{}
27,1.726,1415110590,user_group-1,1.539867,,{}
28,1.776,1415110590,user_group-2,0.657752,,{}
29,1.793,1415110590,user_group-2,0.650630,,{}
30,1.822,1415110590,user_group-1,1.624864,,{}
31,1.841,1415110590,user_group-2,0.625856,,{}
32,1.858,1415110590,user_group-2,0.674844,,{}
33,1.901,1415110590,user_group-2,0.639505,,{}
34,1.932,1415110590,user_group-1,0.683401,,{}
35,1.974,1415110590,user_group-2,0.730158,,{}
36,2.007,1415110590,user_group-1,0.715978,,{}
37,2.042,1415110590,user_group-1,0.733808,,{}
38,2.076,1415110590,user_group-2,0.749695,,{}
39,2.099,1415110590,user_group-2,0.684900,,{}
40,2.151,1415110590,user_group-1,0.648083,,{}
41,2.156,1415110590,user_group-2,0.695972,,{}
42,2.173,1415110590,user_group-1,0.618035,,{}
43,2.201,1415110590,user_group-1,0.616547,,{}
44,2.229,1415110590,user_group-1,0.602992,,{}
45,2.276,1415110590,user_group-1,0.629603,,{}
46,2.295,1415110590,user_group-1,0.568338,,{}
47,2.340,1415110590,user_group-2,0.646719,,{}
48,2.394,1415110590,user_group-2,0.601043,,{}
49,2.442,1415110590,user_group-2,0.664428,,{}
50,2.458,1415110590,user_group-1,0.636125,,{}
51,2.473,1415110590,user_group-2,0.631744,,{}
52,2.519,1415110590,user_group-2,0.660617,,{}
53,2.539,1415110590,user_group-2,0.638261,,{}
54,2.553,1415110590,user_group-1,0.620076,,{}
55,2.599,1415110590,user_group-2,0.625185,,{}
56,2.685,1415110591,user_group-1,0.677970,,{}
57,2.761,1415110591,user_group-1,0.719420,,{}
58,2.790,1415110591,user_group-2,0.691446,,{}
59,2.791,1415110591,user_group-1,0.640540,,{}
60,2.815,1415110591,user_group-2,0.739243,,{}
61,2.938,1415110591,user_group-2,0.782148,,{}
62,2.967,1415110591,user_group-1,0.794422,,{}
63,2.992,1415110591,user_group-1,0.716363,,{}
64,3.015,1415110591,user_group-1,0.785988,,{}
65,3.045,1415110591,user_group-1,0.749767,,{}
66,3.083,1415110591,user_group-2,0.642321,,{}
67,3.140,1415110591,user_group-2,0.745902,,{}
68,3.172,1415110591,user_group-1,0.971097,,{}
69,3.195,1415110591,user_group-2,0.854320,,{}
70,3.231,1415110591,user_group-1,0.773180,,{}
71,3.235,1415110591,user_group-2,0.762239,,{}
72,3.257,1415110591,user_group-2,0.717570,,{}
73,3.293,1415110591,user_group-2,0.694512,,{}
74,3.320,1415110591,user_group-1,0.767988,,{}
75,3.329,1415110591,user_group-2,0.810831,,{}
76,3.349,1415110591,user_group-1,0.664432,,{}
77,3.412,1415110591,user_group-1,0.651323,,{}
78,3.426,1415110591,user_group-2,0.636560,,{}
79,3.439,1415110591,user_group-1,0.647462,,{}
80,3.493,1415110591,user_group-2,0.676957,,{}
81,3.573,1415110591,user_group-2,0.635547,,{}
82,3.701,1415110592,user_group-1,0.708670,,{}
83,3.723,1415110592,user_group-1,0.707791,,{}
84,3.752,1415110592,user_group-1,0.784925,,{}
85,3.770,1415110592,user_group-1,0.725077,,{}
86,3.818,1415110592,user_group-2,0.734236,,{}
87,3.855,1415110592,user_group-2,0.714546,,{}
88,3.870,1415110592,user_group-1,0.697819,,{}
89,3.895,1415110592,user_group-2,0.699940,,{}
90,3.924,1415110592,user_group-1,0.692673,,{}
91,3.946,1415110592,user_group-2,0.710799,,{}
92,3.976,1415110592,user_group-2,0.682527,,{}
93,4.016,1415110592,user_group-2,0.759360,,{}
94,4.036,1415110592,user_group-2,0.706337,,{}
95,4.061,1415110592,user_group-1,0.740496,,{}
96,4.094,1415110592,user_group-1,0.745020,,{}
97,4.132,1415110592,user_group-1,0.720089,,{}
98,4.150,1415110592,user_group-2,0.723822,,{}
99,4.151,1415110592,user_group-1,0.713046,,{}
100,4.171,1415110592,user_group-2,0.678784,,{}
101,4.199,1415110592,user_group-2,0.626328,,{}
102,4.330,1415110592,user_group-1,0.629021,,{}
103,4.368,1415110592,user_group-1,0.645418,,{}
104,4.398,1415110592,user_group-1,0.628469,,{}
105,4.416,1415110592,user_group-1,0.663419,,{}
106,4.473,1415110592,user_group-2,0.655171,,{}
107,4.510,1415110592,user_group-1,0.640182,,{}
108,4.550,1415110592,user_group-2,0.655185,,{}
109,4.597,1415110592,user_group-2,0.650353,,{}
110,4.653,1415110593,user_group-2,0.797976,,{}
111,4.728,1415110593,user_group-1,0.804186,,{}
112,4.766,1415110593,user_group-2,0.790330,,{}
113,4.815,1415110593,user_group-1,0.753974,,{}
114,4.822,1415110593,user_group-2,0.786840,,{}
115,4.849,1415110593,user_group-2,0.832899,,{}
116,4.881,1415110593,user_group-1,0.786832,,{}
117,4.926,1415110593,user_group-1,0.792538,,{}
118,4.950,1415110593,user_group-2,0.799481,,{}
119,4.975,1415110593,user_group-2,0.775103,,{}
120,4.989,1415110593,user_group-1,0.837953,,{}
121,5.028,1415110593,user_group-2,0.857342,,{}
122,5.048,1415110593,user_group-1,0.717733,,{}
123,5.085,1415110593,user_group-1,0.717709,,{}
124,5.106,1415110593,user_group-1,0.690852,,{}
125,5.161,1415110593,user_group-1,0.763202,,{}
126,5.190,1415110593,user_group-1,0.680757,,{}
127,5.211,1415110593,user_group-2,0.660550,,{}
128,5.250,1415110593,user_group-2,0.776413,,{}
129,5.308,1415110593,user_group-2,0.655021,,{}
130,5.325,1415110593,user_group-2,0.729401,,{}
131,5.336,1415110593,user_group-1,0.607636,,{}
132,5.375,1415110593,user_group-2,0.608558,,{}
133,5.440,1415110593,user_group-1,0.624245,,{}
134,5.501,1415110593,user_group-2,0.678301,,{}
135,5.545,1415110593,user_group-2,0.695548,,{}
136,5.586,1415110593,user_group-1,0.704151,,{}
137,5.595,1415110593,user_group-1,0.605423,,{}
138,5.629,1415110593,user_group-1,0.703894,,{}
139,5.635,1415110593,user_group-2,0.685129,,{}
140,5.682,1415110594,user_group-2,0.653499,,{}
141,5.707,1415110594,user_group-1,0.659080,,{}
142,5.834,1415110594,user_group-1,0.727422,,{}
143,5.868,1415110594,user_group-1,0.781455,,{}
144,5.927,1415110594,user_group-2,0.715977,,{}
145,5.948,1415110594,user_group-1,0.785621,,{}
146,5.951,1415110594,user_group-2,0.975342,,{}
147,5.982,1415110594,user_group-1,0.790499,,{}
148,6.009,1415110594,user_group-2,0.759091,,{}
149,6.032,1415110594,user_group-2,0.723482,,{}
150,6.052,1415110594,user_group-2,0.725988,,{}
151,6.068,1415110594,user_group-2,0.693441,,{}
152,6.116,1415110594,user_group-1,0.780064,,{}
153,6.135,1415110594,user_group-1,0.696341,,{}
154,6.178,1415110594,user_group-2,0.676778,,{}
155,6.199,1415110594,user_group-2,0.654689,,{}
156,6.215,1415110594,user_group-1,0.620028,,{}
157,6.247,1415110594,user_group-1,0.661909,,{}
158,6.279,1415110594,user_group-1,0.649486,,{}
159,6.321,1415110594,user_group-2,0.685111,,{}
160,6.343,1415110594,user_group-2,0.660605,,{}
161,6.381,1415110594,user_group-1,0.673211,,{}
162,6.471,1415110594,user_group-1,0.636844,,{}
163,6.495,1415110594,user_group-1,0.628126,,{}
164,6.552,1415110594,user_group-2,0.602082,,{}
165,6.558,1415110594,user_group-2,0.631087,,{}
166,6.588,1415110594,user_group-1,0.640591,,{}
167,6.608,1415110594,user_group-1,0.626264,,{}
168,6.639,1415110594,user_group-2,0.629901,,{}
169,6.669,1415110595,user_group-2,0.600910,,{}
170,6.710,1415110595,user_group-2,0.678017,,{}
171,6.733,1415110595,user_group-2,0.681702,,{}
172,6.758,1415110595,user_group-1,0.642709,,{}
173,6.794,1415110595,user_group-1,0.658330,,{}
174,6.802,1415110595,user_group-2,0.624482,,{}
175,6.831,1415110595,user_group-2,0.632320,,{}
176,6.886,1415110595,user_group-1,0.606739,,{}
177,6.901,1415110595,user_group-1,0.653711,,{}
178,7.013,1415110595,user_group-2,0.692734,,{}
179,7.127,1415110595,user_group-1,0.911564,,{}
180,7.164,1415110595,user_group-2,0.821586,,{}
181,7.234,1415110595,user_group-1,0.853843,,{}
182,7.277,1415110595,user_group-1,0.781622,,{}
183,7.326,1415110595,user_group-1,0.855413,,{}
184,7.348,1415110595,user_group-2,0.795881,,{}
185,7.381,1415110595,user_group-2,0.823184,,{}
186,7.421,1415110595,user_group-1,0.833185,,{}
187,7.439,1415110595,user_group-1,0.831322,,{}
188,7.459,1415110595,user_group-2,0.820818,,{}
189,7.480,1415110595,user_group-2,0.747037,,{}
190,7.490,1415110595,user_group-2,0.820968,,{}
191,7.515,1415110595,user_group-2,0.804317,,{}
192,7.589,1415110595,user_group-1,0.830215,,{}
193,7.619,1415110595,user_group-2,0.815892,,{}
194,7.660,1415110596,user_group-1,0.866090,,{}
195,7.666,1415110596,user_group-2,0.835018,,{}
196,7.684,1415110596,user_group-1,0.782026,,{}
197,7.699,1415110596,user_group-1,0.813471,,{}
198,7.727,1415110596,user_group-2,0.714075,,{}
199,7.762,1415110596,user_group-1,0.635498,,{}
200,7.782,1415110596,user_group-2,0.617263,,{}
201,7.874,1415110596,user_group-1,0.639820,,{}
202,7.897,1415110596,user_group-1,0.619418,,{}
203,7.984,1415110596,user_group-1,0.657803,,{}
204,7.999,1415110596,user_group-2,0.651303,,{}
205,8.045,1415110596,user_group-2,0.664214,,{}
206,8.068,1415110596,user_group-1,0.646187,,{}
207,8.121,1415110596,user_group-1,0.681598,,{}
208,8.126,1415110596,user_group-2,0.665931,,{}
209,8.184,1415110596,user_group-2,0.702949,,{}
210,8.203,1415110596,user_group-2,0.688717,,{}
211,8.227,1415110596,user_group-2,0.736181,,{}
212,8.267,1415110596,user_group-2,0.648925,,{}
213,8.285,1415110596,user_group-1,0.696080,,{}
214,8.307,1415110596,user_group-1,0.647097,,{}
215,8.336,1415110596,user_group-1,0.651737,,{}
216,8.368,1415110596,user_group-2,0.700712,,{}
217,8.402,1415110596,user_group-1,0.702737,,{}
218,8.417,1415110596,user_group-2,0.689796,,{}
219,8.442,1415110596,user_group-2,0.660508,,{}
220,8.480,1415110596,user_group-1,0.717563,,{}
221,8.541,1415110596,user_group-1,0.666680,,{}
222,8.542,1415110596,user_group-1,0.644379,,{}
223,8.588,1415110596,user_group-1,0.602842,,{}
224,8.632,1415110596,user_group-2,0.631647,,{}
225,8.650,1415110597,user_group-1,0.581443,,{}
226,8.679,1415110597,user_group-2,0.634231,,{}
227,8.737,1415110597,user_group-1,0.615763,,{}
228,8.752,1415110597,user_group-2,0.626020,,{}
229,8.787,1415110597,user_group-2,0.603066,,{}
230,8.835,1415110597,user_group-2,0.631900,,{}
231,8.855,1415110597,user_group-2,0.628725,,{}
232,8.897,1415110597,user_group-2,0.629547,,{}
233,8.929,1415110597,user_group-1,0.643805,,{}
234,8.981,1415110597,user_group-1,0.673738,,{}
235,9.027,1415110597,user_group-2,0.659417,,{}
236,9.041,1415110597,user_group-1,0.705869,,{}
237,9.206,1415110597,user_group-2,0.763542,,{}
238,9.221,1415110597,user_group-1,0.818793,,{}
239,9.239,1415110597,user_group-1,0.758905,,{}
240,9.271,1415110597,user_group-2,0.853774,,{}
241,9.289,1415110597,user_group-1,0.748479,,{}
242,9.304,1415110597,user_group-1,0.716815,,{}
243,9.335,1415110597,user_group-1,0.793429,,{}
244,9.360,1415110597,user_group-2,0.680237,,{}
245,9.374,1415110597,user_group-1,0.724825,,{}
246,9.415,1415110597,user_group-2,0.783533,,{}
247,9.425,1415110597,user_group-1,0.688130,,{}
248,9.442,1415110597,user_group-2,0.690690,,{}
249,9.496,1415110597,user_group-2,0.709610,,{}
250,9.518,1415110597,user_group-2,0.683036,,{}
251,9.553,1415110597,user_group-2,0.697869,,{}
252,9.577,1415110597,user_group-1,0.648304,,{}
253,9.599,1415110597,user_group-2,0.701971,,{}
254,9.632,1415110597,user_group-1,0.651236,,{}
255,9.684,1415110598,user_group-2,0.657223,,{}
256,9.700,1415110598,user_group-1,0.658692,,{}
257,9.871,1415110598,user_group-2,0.665130,,{}
258,9.876,1415110598,user_group-1,0.636784,,{}
259,9.920,1415110598,user_group-1,0.699244,,{}
260,9.967,1415110598,user_group-1,0.677758,,{}
261,9.987,1415110598,user_group-1,0.682926,,{}
262,10.018,1415110598,user_group-2,0.747417,,{}
263,10.054,1415110598,user_group-2,0.693516,,{}
264,10.091,1415110598,user_group-1,0.756075,,{}
265,10.111,1415110598,user_group-1,0.686031,,{}
266,10.120,1415110598,user_group-2,0.705333,,{}
267,10.151,1415110598,user_group-2,0.709106,,{}
268,10.160,1415110598,user_group-1,0.785995,,{}
269,10.214,1415110598,user_group-2,0.695355,,{}
270,10.231,1415110598,user_group-1,0.654460,,{}
271,10.235,1415110598,user_group-2,0.738521,,{}
272,10.272,1415110598,user_group-2,0.718955,,{}
273,10.283,1415110598,user_group-2,0.684403,,{}
274,10.313,1415110598,user_group-1,0.680330,,{}
275,10.323,1415110598,user_group-2,0.639098,,{}
276,10.359,1415110598,user_group-1,0.659335,,{}
277,10.487,1415110598,user_group-1,0.611012,,{}
278,10.509,1415110598,user_group-2,0.637474,,{}
279,10.541,1415110598,user_group-1,0.620675,,{}
280,10.588,1415110598,user_group-1,0.620037,,{}
281,10.609,1415110598,user_group-1,0.621571,,{}
282,10.725,1415110599,user_group-2,0.707032,,{}
283,10.754,1415110599,user_group-2,0.700976,,{}
284,10.821,1415110599,user_group-1,0.730157,,{}
285,10.837,1415110599,user_group-2,0.717322,,{}
286,10.873,1415110599,user_group-1,0.761856,,{}
287,10.912,1415110599,user_group-1,0.751534,,{}
288,10.928,1415110599,user_group-2,0.776059,,{}
289,11.004,1415110599,user_group-2,0.731853,,{}
290,11.018,1415110599,user_group-1,0.786377,,{}
291,11.023,1415110599,user_group-2,0.788177,,{}
292,11.037,1415110599,user_group-2,0.823411,,{}
293,11.059,1415110599,user_group-1,0.745796,,{}
294,11.076,1415110599,user_group-2,0.792204,,{}
295,11.105,1415110599,user_group-2,0.781811,,{}
296,11.108,1415110599,user_group-1,0.749092,,{}
297,11.149,1415110599,user_group-2,0.640245,,{}
298,11.169,1415110599,user_group-1,0.682516,,{}
299,11.229,1415110599,user_group-1,0.688339,,{}
300,11.240,1415110599,user_group-1,0.652433,,{}
301,11.257,1415110599,user_group-1,0.648529,,{}
302,11.330,1415110599,user_group-2,0.604598,,{}
303,11.368,1415110599,user_group-2,0.613700,,{}
304,11.398,1415110599,user_group-1,0.577037,,{}
305,11.445,1415110599,user_group-2,0.607266,,{}
306,11.489,1415110599,user_group-1,0.616323,,{}
307,11.524,1415110599,user_group-1,0.611531,,{}
308,11.548,1415110599,user_group-2,0.620134,,{}
309,11.587,1415110599,user_group-2,0.582554,,{}
310,11.658,1415110600,user_group-2,0.634482,,{}
311,11.692,1415110600,user_group-1,0.672905,,{}
312,11.712,1415110600,user_group-2,0.674206,,{}
313,11.729,1415110600,user_group-1,0.670282,,{}
314,11.788,1415110600,user_group-2,0.638306,,{}
315,11.810,1415110600,user_group-2,0.704376,,{}
316,11.829,1415110600,user_group-2,0.753649,,{}
317,11.856,1415110600,user_group-1,0.748095,,{}
318,11.868,1415110600,user_group-1,0.699072,,{}
319,11.899,1415110600,user_group-1,0.659452,,{}
320,11.917,1415110600,user_group-1,0.688268,,{}
321,11.939,1415110600,user_group-1,0.681131,,{}
322,11.951,1415110600,user_group-2,0.620193,,{}
323,11.978,1415110600,user_group-2,0.609408,,{}
324,12.015,1415110600,user_group-1,0.616256,,{}
325,12.053,1415110600,user_group-2,0.608757,,{}
326,12.104,1415110600,user_group-1,0.580790,,{}
327,12.141,1415110600,user_group-1,0.651646,,{}
328,12.168,1415110600,user_group-2,0.619872,,{}
329,12.199,1415110600,user_group-2,0.611607,,{}
330,12.262,1415110600,user_group-2,0.603364,,{}
331,12.291,1415110600,user_group-1,0.600192,,{}
332,12.323,1415110600,user_group-2,0.611416,,{}
333,12.358,1415110600,user_group-1,0.628899,,{}
334,12.394,1415110600,user_group-2,0.584921,,{}
335,12.462,1415110600,user_group-2,0.675543,,{}
336,12.480,1415110600,user_group-2,0.650634,,{}
337,12.524,1415110600,user_group-1,0.655963,,{}
338,12.553,1415110600,user_group-1,0.696327,,{}
339,12.565,1415110600,user_group-1,0.627060,,{}
340,12.589,1415110600,user_group-1,0.690344,,{}
341,12.632,1415110600,user_group-2,0.681754,,{}
342,12.649,1415110601,user_group-1,0.732518,,{}
343,12.688,1415110601,user_group-2,0.710186,,{}
344,12.689,1415110601,user_group-1,0.673387,,{}
345,12.766,1415110601,user_group-1,0.661689,,{}
346,12.769,1415110601,user_group-2,0.715155,,{}
347,12.802,1415110601,user_group-1,0.660489,,{}
348,12.836,1415110601,user_group-2,0.668020,,{}
349,12.854,1415110601,user_group-2,0.655290,,{}
350,12.887,1415110601,user_group-2,0.625536,,{}
351,12.919,1415110601,user_group-1,0.627007,,{}
352,12.928,1415110601,user_group-2,0.605188,,{}
353,12.988,1415110601,user_group-1,0.629545,,{}
354,13.083,1415110601,user_group-2,0.688303,,{}
355,13.113,1415110601,user_group-2,0.650324,,{}
356,13.136,1415110601,user_group-2,0.655796,,{}
357,13.187,1415110601,user_group-1,0.634038,,{}
358,13.267,1415110601,user_group-1,0.701008,,{}
359,13.353,1415110601,user_group-1,0.828400,,{}
360,13.389,1415110601,user_group-1,0.799072,,{}
361,13.409,1415110601,user_group-2,0.776943,,{}
362,13.425,1415110601,user_group-1,0.775409,,{}
363,13.457,1415110601,user_group-2,0.768920,,{}
364,13.463,1415110601,user_group-1,0.774814,,{}
365,13.504,1415110601,user_group-2,0.734618,,{}
366,13.513,1415110601,user_group-1,0.746289,,{}
367,13.531,1415110601,user_group-1,0.728861,,{}
368,13.576,1415110601,user_group-2,0.739796,,{}
369,13.585,1415110601,user_group-2,0.730242,,{}
370,13.633,1415110601,user_group-2,0.704866,,{}
371,13.664,1415110602,user_group-2,0.776745,,{}
372,13.673,1415110602,user_group-1,0.753716,,{}
373,13.693,1415110602,user_group-1,0.705277,,{}
374,13.744,1415110602,user_group-2,0.661234,,{}
375,13.836,1415110602,user_group-2,0.699061,,{}
376,13.856,1415110602,user_group-2,0.742745,,{}
377,13.875,1415110602,user_group-1,0.687788,,{}
378,13.892,1415110602,user_group-1,0.625339,,{}
379,13.961,1415110602,user_group-1,0.608143,,{}
380,13.992,1415110602,user_group-1,0.602254,,{}
381,14.037,1415110602,user_group-1,0.610796,,{}
382,14.063,1415110602,user_group-2,0.653232,,{}
383,14.076,1415110602,user_group-1,0.612923,,{}
384,14.111,1415110602,user_group-2,0.607373,,{}
385,14.138,1415110602,user_group-2,0.680637,,{}
386,14.195,1415110602,user_group-1,0.681712,,{}
387,14.253,1415110602,user_group-2,0.677746,,{}
388,14.270,1415110602,user_group-1,0.739048,,{}
389,14.300,1415110602,user_group-2,0.715507,,{}
390,14.320,1415110602,user_group-2,0.686736,,{}
391,14.347,1415110602,user_group-2,0.682608,,{}
392,14.386,1415110602,user_group-1,0.713347,,{}
393,14.423,1415110602,user_group-1,0.729033,,{}
394,14.448,1415110602,user_group-2,0.703269,,{}
395,14.471,1415110602,user_group-2,0.615102,,{}
396,14.513,1415110602,user_group-1,0.621131,,{}
397,14.533,1415110602,user_group-2,0.698285,,{}
398,14.563,1415110602,user_group-1,0.687821,,{}
399,14.580,1415110602,user_group-1,0.618452,,{}
400,14.614,1415110602,user_group-1,0.623165,,{}
401,14.645,1415110603,user_group-1,0.608561,,{}
402,14.688,1415110603,user_group-1,0.612603,,{}
403,14.713,1415110603,user_group-2,0.602508,,{}
404,14.744,1415110603,user_group-2,0.681245,,{}
405,14.767,1415110603,user_group-2,0.628638,,{}
406,14.834,1415110603,user_group-1,0.639683,,{}
407,14.913,1415110603,user_group-1,0.643275,,{}
408,14.937,1415110603,user_group-2,0.683448,,{}
409,14.957,1415110603,user_group-2,0.656960,,{}
410,15.007,1415110603,user_group-2,0.687145,,{}
411,15.056,1415110603,user_group-2,0.709715,,{}
412,15.126,1415110603,user_group-1,0.739990,,{}
413,15.145,1415110603,user_group-1,0.722789,,{}
414,15.173,1415110603,user_group-2,0.725289,,{}
415,15.202,1415110603,user_group-2,0.730210,,{}
416,15.223,1415110603,user_group-2,0.689964,,{}
417,15.265,1415110603,user_group-1,0.751830,,{}
418,15.381,1415110603,user_group-1,0.817467,,{}
419,15.402,1415110603,user_group-1,0.757058,,{}
420,15.422,1415110603,user_group-1,0.842424,,{}
421,15.448,1415110603,user_group-1,0.833686,,{}
422,15.473,1415110603,user_group-1,0.784208,,{}
423,15.496,1415110603,user_group-2,0.751904,,{}
424,15.521,1415110603,user_group-2,0.807246,,{}
425,15.539,1415110603,user_group-2,0.772734,,{}
426,15.561,1415110603,user_group-1,0.726848,,{}
427,15.613,1415110603,user_group-1,0.700492,,{}
428,15.645,1415110604,user_group-2,0.708074,,{}
429,15.650,1415110604,user_group-2,0.693556,,{}
430,15.672,1415110604,user_group-2,0.664889,,{}
431,15.695,1415110604,user_group-2,0.639452,,{}
432,15.768,1415110604,user_group-1,0.623281,,{}
433,15.819,1415110604,user_group-1,0.693042,,{}
434,15.839,1415110604,user_group-2,0.665069,,{}
435,15.886,1415110604,user_group-2,0.684793,,{}
436,16.080,1415110604,user_group-2,0.856235,,{}
437,16.084,1415110604,user_group-1,0.818645,,{}
438,16.144,1415110604,user_group-1,0.742790,,{}
439,16.191,1415110604,user_group-1,0.810475,,{}
440,16.223,1415110604,user_group-1,0.750135,,{}
441,16.238,1415110604,user_group-1,0.789319,,{}
442,16.258,1415110604,user_group-1,0.836534,,{}
443,16.274,1415110604,user_group-2,0.778737,,{}
444,16.349,1415110604,user_group-2,0.828154,,{}
445,16.365,1415110604,user_group-2,0.825760,,{}
446,16.370,1415110604,user_group-1,0.809242,,{}
447,16.400,1415110604,user_group-1,0.786573,,{}
448,16.411,1415110604,user_group-2,0.765145,,{}
449,16.428,1415110604,user_group-2,0.777310,,{}
450,16.444,1415110604,user_group-2,0.771087,,{}
451,16.457,1415110604,user_group-2,0.761019,,{}
452,16.501,1415110604,user_group-1,0.732763,,{}
453,16.521,1415110604,user_group-2,0.682671,,{}
454,16.534,1415110604,user_group-1,0.715246,,{}
455,16.569,1415110604,user_group-2,0.682475,,{}
456,16.648,1415110605,user_group-2,0.567562,,{}
457,16.703,1415110605,user_group-1,0.618972,,{}
458,16.757,1415110605,user_group-1,0.612864,,{}
459,16.790,1415110605,user_group-1,0.598199,,{}
460,16.854,1415110605,user_group-1,0.630728,,{}
461,16.888,1415110605,user_group-1,0.650340,,{}
462,16.928,1415110605,user_group-2,0.653538,,{}
463,16.973,1415110605,user_group-1,0.714534,,{}
464,17.025,1415110605,user_group-2,0.675153,,{}
465,17.086,1415110605,user_group-1,0.685591,,{}
466,17.106,1415110605,user_group-2,0.678306,,{}
467,17.141,1415110605,user_group-1,0.770689,,{}
468,17.195,1415110605,user_group-2,0.784279,,{}
469,17.248,1415110605,user_group-2,0.883440,,{}
470,17.282,1415110605,user_group-2,0.838200,,{}
471,17.299,1415110605,user_group-2,0.841450,,{}
472,17.324,1415110605,user_group-1,0.822279,,{}
473,17.353,1415110605,user_group-2,0.832470,,{}
474,17.355,1415110605,user_group-1,0.820595,,{}
475,17.384,1415110605,user_group-2,0.736977,,{}
476,17.412,1415110605,user_group-2,0.843706,,{}
477,17.459,1415110605,user_group-1,0.756213,,{}
478,17.500,1415110605,user_group-1,0.741266,,{}
479,17.505,1415110605,user_group-1,0.714633,,{}
480,17.539,1415110605,user_group-1,0.650319,,{}
481,17.544,1415110605,user_group-1,0.689279,,{}
482,17.577,1415110605,user_group-2,0.648424,,{}
483,17.602,1415110605,user_group-1,0.627787,,{}
484,17.666,1415110606,user_group-2,0.641486,,{}
485,17.740,1415110606,user_group-1,0.654246,,{}
486,17.778,1415110606,user_group-2,0.672028,,{}
487,17.805,1415110606,user_group-1,0.664183,,{}
488,17.840,1415110606,user_group-2,0.645677,,{}
489,17.876,1415110606,user_group-2,0.627859,,{}
490,17.898,1415110606,user_group-2,0.616341,,{}
491,17.971,1415110606,user_group-2,0.672677,,{}
492,17.991,1415110606,user_group-2,0.637175,,{}
493,18.005,1415110606,user_group-1,0.681571,,{}
494,18.078,1415110606,user_group-1,0.723123,,{}
495,18.107,1415110606,user_group-2,0.722887,,{}
496,18.147,1415110606,user_group-2,0.734297,,{}
497,18.173,1415110606,user_group-1,0.673050,,{}
498,18.191,1415110606,user_group-1,0.652483,,{}
499,18.222,1415110606,user_group-1,0.762385,,{}
500,18.240,1415110606,user_group-1,0.735716,,{}
501,18.260,1415110606,user_group-1,0.716529,,{}
502,18.268,1415110606,user_group-2,0.691069,,{}
503,18.289,1415110606,user_group-1,0.688089,,{}
504,18.363,1415110606,user_group-2,0.696958,,{}
505,18.375,1415110606,user_group-1,0.634633,,{}
506,18.420,1415110606,user_group-2,0.641267,,{}
507,18.439,1415110606,user_group-1,0.633653,,{}
508,18.474,1415110606,user_group-2,0.633086,,{}
509,18.489,1415110606,user_group-2,0.612266,,{}
510,18.521,1415110606,user_group-2,0.622977,,{}
511,18.594,1415110606,user_group-2,0.622367,,{}
512,18.618,1415110606,user_group-1,0.612609,,{}
513,18.699,1415110607,user_group-2,0.708019,,{}
514,18.720,1415110607,user_group-1,0.641065,,{}
515,18.725,1415110607,user_group-2,0.617124,,{}
516,18.759,1415110607,user_group-1,0.586516,,{}
517,18.794,1415110607,user_group-2,0.647067,,{}
518,18.828,1415110607,user_group-1,0.636597,,{}
519,18.870,1415110607,user_group-1,0.647877,,{}
520,18.919,1415110607,user_group-1,0.658509,,{}
521,18.943,1415110607,user_group-1,0.701842,,{}
522,18.955,1415110607,user_group-2,0.687173,,{}
523,18.963,1415110607,user_group-1,0.673552,,{}
524,18.979,1415110607,user_group-2,0.616371,,{}
525,19.028,1415110607,user_group-1,0.654161,,{}
526,19.053,1415110607,user_group-2,0.632846,,{}
527,19.087,1415110607,user_group-1,0.647737,,{}
528,19.088,1415110607,user_group-2,0.614006,,{}
529,19.163,1415110607,user_group-2,0.674335,,{}
530,19.176,1415110607,user_group-2,0.654871,,{}
531,19.224,1415110607,user_group-2,0.630921,,{}
532,19.324,1415110607,user_group-1,0.705829,,{}
533,19.380,1415110607,user_group-2,0.681592,,{}
534,19.381,1415110607,user_group-1,0.661785,,{}
535,19.437,1415110607,user_group-2,0.712428,,{}
536,19.443,1415110607,user_group-1,0.684188,,{}
537,19.499,1415110607,user_group-2,0.704073,,{}
538,19.515,1415110607,user_group-1,0.686957,,{}
539,19.552,1415110607,user_group-1,0.682122,,{}
540,19.591,1415110607,user_group-1,0.671595,,{}
541,19.605,1415110607,user_group-1,0.662285,,{}
542,19.621,1415110607,user_group-1,0.657562,,{}
543,19.637,1415110607,user_group-2,0.681049,,{}
544,19.667,1415110608,user_group-2,0.686954,,{}
545,19.704,1415110608,user_group-2,0.650165,,{}
546,19.744,1415110608,user_group-1,0.714729,,{}
547,19.774,1415110608,user_group-1,0.687222,,{}
548,19.802,1415110608,user_group-2,0.714773,,{}
549,19.824,1415110608,user_group-2,0.647047,,{}
550,19.939,1415110608,user_group-2,0.775756,,{}
551,19.986,1415110608,user_group-1,0.662381,,{}
552,19.988,1415110608,user_group-2,0.763541,,{}
553,20.005,1415110608,user_group-1,0.623521,,{}
554,20.037,1415110608,user_group-2,0.656009,,{}
555,20.056,1415110608,user_group-1,0.612589,,{}
556,20.099,1415110608,user_group-2,0.662304,,{}
557,20.132,1415110608,user_group-2,0.633711,,{}
558,20.144,1415110608,user_group-1,0.628713,,{}
559,20.173,1415110608,user_group-1,0.620941,,{}
560,20.228,1415110608,user_group-1,0.637444,,{}
561,20.287,1415110608,user_group-1,0.666924,,{}
562,20.306,1415110608,user_group-1,0.701663,,{}
563,20.334,1415110608,user_group-2,0.697670,,{}
564,20.357,1415110608,user_group-2,0.653331,,{}
565,20.376,1415110608,user_group-2,0.708339,,{}
566,20.407,1415110608,user_group-1,0.662352,,{}
567,20.443,1415110608,user_group-2,0.639912,,{}
568,20.463,1415110608,user_group-1,0.689467,,{}
569,20.472,1415110608,user_group-2,0.648942,,{}
570,20.562,1415110608,user_group-2,0.623015,,{}
571,20.567,1415110608,user_group-1,0.580590,,{}
572,20.598,1415110608,user_group-2,0.609706,,{}
573,20.639,1415110608,user_group-1,0.634882,,{}
574,20.670,1415110609,user_group-2,0.633772,,{}
575,20.682,1415110609,user_group-1,0.625464,,{}
576,20.726,1415110609,user_group-2,0.626453,,{}
577,20.755,1415110609,user_group-1,0.611574,,{}
578,20.867,1415110609,user_group-1,0.694868,,{}
579,20.907,1415110609,user_group-2,0.775418,,{}
580,20.948,1415110609,user_group-1,0.719328,,{}
581,20.981,1415110609,user_group-1,0.674039,,{}
582,20.997,1415110609,user_group-2,0.663397,,{}
583,21.021,1415110609,user_group-1,0.733530,,{}
584,21.086,1415110609,user_group-1,0.679532,,{}
585,21.086,1415110609,user_group-2,0.728805,,{}
586,21.103,1415110609,user_group-2,0.727428,,{}
587,21.132,1415110609,user_group-2,0.688824,,{}
588,21.160,1415110609,user_group-2,0.686999,,{}
589,21.183,1415110609,user_group-1,0.718439,,{}
590,21.198,1415110609,user_group-2,0.635388,,{}
591,21.213,1415110609,user_group-1,0.646853,,{}
592,21.252,1415110609,user_group-2,0.654753,,{}
593,21.267,1415110609,user_group-1,0.627670,,{}
594,21.293,1415110609,user_group-1,0.610930,,{}
595,21.303,1415110609,user_group-2,0.632999,,{}
596,21.336,1415110609,user_group-2,0.610306,,{}
597,21.357,1415110609,user_group-1,0.601532,,{}
598,21.439,1415110609,user_group-1,0.570242,,{}
599,21.517,1415110609,user_group-2,0.609935,,{}
600,21.584,1415110609,user_group-1,0.603106,,{}
601,21.601,1415110609,user_group-2,0.604448,,{}
602,21.631,1415110609,user_group-1,0.683007,,{}
603,21.642,1415110610,user_group-1,0.619806,,{}
604,21.676,1415110610,user_group-2,0.589919,,{}
605,21.707,1415110610,user_group-1,0.621266,,{}
606,21.760,1415110610,user_group-2,0.657975,,{}
607,21.807,1415110610,user_group-2,0.675006,,{}
608,21.830,1415110610,user_group-2,0.670847,,{}
609,21.863,1415110610,user_group-2,0.664932,,{}
610,21.881,1415110610,user_group-1,0.698648,,{}
611,21.914,1415110610,user_group-1,0.699529,,{}
612,21.933,1415110610,user_group-1,0.665884,,{}
613,21.978,1415110610,user_group-2,0.725707,,{}
614,21.990,1415110610,user_group-1,0.698017,,{}
615,22.017,1415110610,user_group-2,0.713011,,{}
616,22.028,1415110610,user_group-2,0.691198,,{}
617,22.042,1415110610,user_group-1,0.684977,,{}
618,22.059,1415110610,user_group-1,0.621250,,{}
619,22.092,1415110610,user_group-2,0.574266,,{}
620,22.186,1415110610,user_group-1,0.601719,,{}
621,22.201,1415110610,user_group-2,0.598974,,{}
622,22.228,1415110610,user_group-1,0.598210,,{}
623,22.256,1415110610,user_group-2,0.580174,,{}
624,22.302,1415110610,user_group-1,0.661093,,{}
625,22.327,1415110610,user_group-1,0.620196,,{}
626,22.355,1415110610,user_group-2,0.594949,,{}
627,22.408,1415110610,user_group-2,0.600430,,{}
628,22.473,1415110610,user_group-2,0.611005,,{}
629,22.512,1415110610,user_group-2,0.681822,,{}
630,22.536,1415110610,user_group-1,0.622789,,{}
631,22.580,1415110610,user_group-1,0.699436,,{}
632,22.637,1415110610,user_group-1,0.702907,,{}
633,22.659,1415110611,user_group-2,0.681125,,{}
634,22.685,1415110611,user_group-2,0.668407,,{}
635,22.707,1415110611,user_group-1,0.715712,,{}
636,22.730,1415110611,user_group-1,0.687835,,{}
637,22.752,1415110611,user_group-2,0.724404,,{}
638,22.761,1415110611,user_group-1,0.701693,,{}
639,22.780,1415110611,user_group-2,0.687735,,{}
640,22.807,1415110611,user_group-2,0.605776,,{}
641,22.833,1415110611,user_group-1,0.645728,,{}
642,22.900,1415110611,user_group-1,0.671182,,{}
643,22.923,1415110611,user_group-2,0.667320,,{}
644,22.967,1415110611,user_group-1,0.664391,,{}
645,22.983,1415110611,user_group-1,0.655480,,{}
646,23.014,1415110611,user_group-2,0.658298,,{}
647,23.036,1415110611,user_group-2,0.628461,,{}
648,23.058,1415110611,user_group-2,0.584191,,{}
649,23.192,1415110611,user_group-2,0.679677,,{}
650,23.218,1415110611,user_group-1,0.682128,,{}
651,23.237,1415110611,user_group-1,0.656829,,{}
652,23.282,1415110611,user_group-1,0.645386,,{}
653,23.300,1415110611,user_group-2,0.640596,,{}
654,23.453,1415110611,user_group-1,0.746610,,{}
655,23.475,1415110611,user_group-2,0.789740,,{}
656,23.499,1415110611,user_group-1,0.769185,,{}
657,23.540,1415110611,user_group-1,0.779402,,{}
658,23.556,1415110611,user_group-2,0.804228,,{}
659,23.569,1415110611,user_group-2,0.762099,,{}
660,23.585,1415110611,user_group-2,0.805905,,{}
661,23.614,1415110611,user_group-1,0.781820,,{}
662,23.640,1415110612,user_group-2,0.716362,,{}
663,23.661,1415110612,user_group-1,0.760838,,{}
664,23.691,1415110612,user_group-1,0.708823,,{}
665,23.707,1415110612,user_group-1,0.739872,,{}
666,23.730,1415110612,user_group-2,0.694380,,{}
667,23.768,1415110612,user_group-2,0.754474,,{}
668,23.788,1415110612,user_group-2,0.730475,,{}
669,23.806,1415110612,user_group-2,0.614000,,{}
670,23.830,1415110612,user_group-1,0.593137,,{}
671,23.863,1415110612,user_group-1,0.644453,,{}
672,24.008,1415110612,user_group-2,0.707523,,{}
673,24.040,1415110612,user_group-1,0.758427,,{}
674,24.071,1415110612,user_group-1,0.617630,,{}
675,24.091,1415110612,user_group-2,0.615444,,{}
676,24.121,1415110612,user_group-1,0.622565,,{}
677,24.156,1415110612,user_group-1,0.615219,,{}
678,24.202,1415110612,user_group-2,0.646136,,{}
679,24.222,1415110612,user_group-2,0.635764,,{}
680,24.299,1415110612,user_group-2,0.730209,,{}
681,24.339,1415110612,user_group-2,0.699387,,{}
682,24.351,1415110612,user_group-1,0.736541,,{}
683,24.375,1415110612,user_group-1,0.714177,,{}
684,24.406,1415110612,user_group-1,0.713829,,{}
685,24.445,1415110612,user_group-1,0.738876,,{}
686,24.449,1415110612,user_group-2,0.719356,,{}
687,24.474,1415110612,user_group-2,0.705596,,{}
688,24.498,1415110612,user_group-2,0.709342,,{}
689,24.512,1415110612,user_group-2,0.705577,,{}
690,24.547,1415110612,user_group-1,0.716051,,{}
691,24.561,1415110612,user_group-1,0.697699,,{}
692,24.601,1415110612,user_group-2,0.592434,,{}
693,24.616,1415110612,user_group-1,0.575710,,{}
694,24.668,1415110613,user_group-1,0.597611,,{}
695,24.709,1415110613,user_group-1,0.586513,,{}
696,24.729,1415110613,user_group-2,0.637905,,{}
697,24.785,1415110613,user_group-1,0.628226,,{}
698,24.836,1415110613,user_group-2,0.633188,,{}
699,24.859,1415110613,user_group-2,0.637026,,{}
700,24.919,1415110613,user_group-2,0.619798,,{}
701,24.972,1415110613,user_group-1,0.621310,,{}
702,24.992,1415110613,user_group-2,0.652902,,{}
703,25.027,1415110613,user_group-1,0.622092,,{}
704,25.072,1415110613,user_group-1,0.696491,,{}
705,25.168,1415110613,user_group-1,0.722588,,{}
706,25.188,1415110613,user_group-2,0.738037,,{}
707,25.210,1415110613,user_group-2,0.735503,,{}
708,25.229,1415110613,user_group-2,0.731002,,{}
709,25.245,1415110613,user_group-2,0.732618,,{}
710,25.307,1415110613,user_group-1,0.761146,,{}
711,25.313,1415110613,user_group-1,0.752681,,{}
712,25.337,1415110613,user_group-2,0.736719,,{}
713,25.355,1415110613,user_group-1,0.738491,,{}
714,25.385,1415110613,user_group-1,0.716501,,{}
715,25.451,1415110613,user_group-2,0.722142,,{}
716,25.476,1415110613,user_group-1,0.766787,,{}
717,25.495,1415110613,user_group-1,0.710328,,{}
718,25.518,1415110613,user_group-2,0.681860,,{}
719,25.566,1415110613,user_group-2,0.706924,,{}
720,25.579,1415110613,user_group-2,0.659200,,{}
721,25.614,1415110613,user_group-1,0.641165,,{}
722,25.639,1415110613,user_group-2,0.646713,,{}
723,25.704,1415110614,user_group-1,0.632409,,{}
724,25.725,1415110614,user_group-1,0.696935,,{}
725,25.770,1415110614,user_group-1,0.601542,,{}
726,25.816,1415110614,user_group-2,0.627788,,{}
727,25.835,1415110614,user_group-2,0.625807,,{}
728,25.869,1415110614,user_group-2,0.640297,,{}
729,25.888,1415110614,user_group-2,0.644052,,{}
730,25.929,1415110614,user_group-1,0.615412,,{}
731,25.983,1415110614,user_group-1,0.675629,,{}
732,26.034,1415110614,user_group-2,0.697252,,{}
733,26.131,1415110614,user_group-1,0.777085,,{}
734,26.182,1415110614,user_group-1,0.797118,,{}
735,26.274,1415110614,user_group-2,0.823689,,{}
736,26.290,1415110614,user_group-1,0.815057,,{}
737,26.292,1415110614,user_group-2,0.775003,,{}
738,26.300,1415110614,user_group-1,0.805500,,{}
739,26.316,1415110614,user_group-2,0.737984,,{}
740,26.339,1415110614,user_group-2,0.773368,,{}
741,26.367,1415110614,user_group-1,0.754128,,{}
742,26.392,1415110614,user_group-2,0.753413,,{}
743,26.448,1415110614,user_group-1,0.723970,,{}
744,26.472,1415110614,user_group-1,0.702428,,{}
745,26.484,1415110614,user_group-1,0.780154,,{}
746,26.497,1415110614,user_group-2,0.661333,,{}
747,26.522,1415110614,user_group-2,0.707251,,{}
748,26.553,1415110614,user_group-2,0.664888,,{}
749,26.587,1415110614,user_group-2,0.716572,,{}
750,26.621,1415110614,user_group-1,0.691730,,{}
751,26.630,1415110614,user_group-1,0.646341,,{}
752,26.667,1415110615,user_group-2,0.631749,,{}
753,26.758,1415110615,user_group-1,0.626841,,{}
754,26.785,1415110615,user_group-1,0.602523,,{}
755,26.886,1415110615,user_group-1,0.595248,,{}
756,26.950,1415110615,user_group-2,0.675297,,{}
757,26.994,1415110615,user_group-2,0.700689,,{}
758,27.031,1415110615,user_group-2,0.715033,,{}
759,27.053,1415110615,user_group-1,0.752238,,{}
760,27.075,1415110615,user_group-2,0.681708,,{}
761,27.082,1415110615,user_group-1,0.713928,,{}
762,27.098,1415110615,user_group-2,0.758938,,{}
763,27.135,1415110615,user_group-1,0.662842,,{}
764,27.189,1415110615,user_group-1,0.704283,,{}
765,27.212,1415110615,user_group-1,0.763289,,{}
766,27.239,1415110615,user_group-2,0.741954,,{}
767,27.254,1415110615,user_group-2,0.731413,,{}
768,27.300,1415110615,user_group-2,0.747376,,{}
769,27.368,1415110615,user_group-2,0.782051,,{}
770,27.388,1415110615,user_group-1,0.767438,,{}
771,27.405,1415110615,user_group-1,0.775335,,{}
772,27.439,1415110615,user_group-2,0.772941,,{}
773,27.487,1415110615,user_group-1,0.728264,,{}
774,27.518,1415110615,user_group-1,0.733214,,{}
775,27.531,1415110615,user_group-1,0.645365,,{}
776,27.559,1415110615,user_group-2,0.608800,,{}
777,27.624,1415110615,user_group-2,0.629880,,{}
778,27.636,1415110615,user_group-2,0.604257,,{}
779,27.678,1415110616,user_group-1,0.624469,,{}
780,27.762,1415110616,user_group-1,0.680327,,{}
781,27.819,1415110616,user_group-2,0.720738,,{}
782,27.871,1415110616,user_group-1,0.735679,,{}
783,27.900,1415110616,user_group-2,0.825486,,{}
784,27.914,1415110616,user_group-1,0.725651,,{}
785,27.938,1415110616,user_group-2,0.698718,,{}
786,27.951,1415110616,user_group-1,0.739002,,{}
787,27.967,1415110616,user_group-2,0.712809,,{}
788,27.999,1415110616,user_group-2,0.698595,,{}
789,28.033,1415110616,user_group-2,0.664584,,{}
790,28.053,1415110616,user_group-1,0.665245,,{}
791,28.071,1415110616,user_group-1,0.666242,,{}
792,28.116,1415110616,user_group-2,0.676369,,{}
793,28.156,1415110616,user_group-1,0.669143,,{}
794,28.196,1415110616,user_group-1,0.664855,,{}
795,28.225,1415110616,user_group-1,0.706364,,{}
796,28.233,1415110616,user_group-2,0.674378,,{}
797,28.256,1415110616,user_group-2,0.632372,,{}
798,28.276,1415110616,user_group-2,0.640137,,{}
799,28.309,1415110616,user_group-1,0.631451,,{}
800,28.357,1415110616,user_group-1,0.594656,,{}
801,28.397,1415110616,user_group-2,0.578216,,{}
802,28.473,1415110616,user_group-1,0.602075,,{}
803,28.517,1415110616,user_group-2,0.579125,,{}
804,28.570,1415110616,user_group-2,0.669650,,{}
805,28.611,1415110616,user_group-1,0.696493,,{}
806,28.643,1415110617,user_group-1,0.691560,,{}
807,28.687,1415110617,user_group-2,0.720020,,{}
808,28.707,1415110617,user_group-2,0.706929,,{}
809,28.741,1415110617,user_group-1,0.670215,,{}
810,28.755,1415110617,user_group-2,0.722433,,{}
811,28.774,1415110617,user_group-1,0.720965,,{}
812,28.804,1415110617,user_group-2,0.688000,,{}
813,28.872,1415110617,user_group-1,0.715714,,{}
814,28.894,1415110617,user_group-2,0.660881,,{}
815,28.895,1415110617,user_group-1,0.698041,,{}
816,28.933,1415110617,user_group-1,0.708289,,{}
817,28.958,1415110617,user_group-2,0.702158,,{}
818,29.016,1415110617,user_group-2,0.740413,,{}
819,29.028,1415110617,user_group-1,0.720058,,{}
820,29.050,1415110617,user_group-1,0.693388,,{}
821,29.084,1415110617,user_group-2,0.687148,,{}
822,29.098,1415110617,user_group-1,0.624508,,{}
823,29.147,1415110617,user_group-2,0.630184,,{}
824,29.244,1415110617,user_group-2,0.674490,,{}
825,29.253,1415110617,user_group-1,0.641632,,{}
826,29.279,1415110617,user_group-1,0.636832,,{}
827,29.332,1415110617,user_group-2,0.645329,,{}
828,29.535,1415110617,user_group-2,0.828778,,{}
829,29.556,1415110617,user_group-2,0.752616,,{}
830,29.563,1415110617,user_group-1,0.821587,,{}
831,29.599,1415110617,user_group-2,0.844233,,{}
832,29.604,1415110617,user_group-1,0.829992,,{}
833,29.656,1415110618,user_group-1,0.783561,,{}
834,29.673,1415110618,user_group-1,0.778455,,{}
835,29.693,1415110618,user_group-2,0.799284,,{}
836,29.755,1415110618,user_group-2,0.796310,,{}
837,29.771,1415110618,user_group-1,0.837496,,{}
838,29.776,1415110618,user_group-2,0.759391,,{}
839,29.806,1415110618,user_group-1,0.776597,,{}
840,29.873,1415110618,user_group-1,0.822846,,{}
841,29.913,1415110618,user_group-1,0.814752,,{}
842,29.950,1415110618,user_group-2,0.802793,,{}
843,30.009,1415110618,user_group-1,0.756390,,{}
844,30.067,1415110618,user_group-1,0.787667,,{}
845,30.091,1415110618,user_group-2,0.847280,,{}
846,30.109,1415110618,user_group-2,1.025006,,{}
847,30.125,1415110618,user_group-2,0.791891,,{}
848,30.153,1415110618,user_group-2,0.617411,,{}
849,30.223,1415110618,user_group-2,0.666300,,{}
850,30.265,1415110618,user_group-1,0.702240,,{}
851,30.325,1415110618,user_group-2,0.724427,,{}
852,30.361,1415110618,user_group-2,0.666987,,{}
853,30.375,1415110618,user_group-1,0.718588,,{}
854,30.395,1415110618,user_group-1,0.790770,,{}
855,30.410,1415110618,user_group-1,0.737066,,{}
856,30.432,1415110618,user_group-2,0.677985,,{}
857,30.449,1415110618,user_group-2,0.672456,,{}
858,30.469,1415110618,user_group-1,0.663176,,{}
859,30.523,1415110618,user_group-1,0.752758,,{}
860,30.538,1415110618,user_group-1,0.664915,,{}
861,30.563,1415110618,user_group-2,0.613393,,{}
862,30.603,1415110618,user_group-1,0.690527,,{}
863,30.688,1415110619,user_group-1,0.620471,,{}
864,30.716,1415110619,user_group-1,0.706702,,{}
865,30.750,1415110619,user_group-2,0.640790,,{}
866,30.789,1415110619,user_group-2,0.698011,,{}
867,30.834,1415110619,user_group-2,0.681266,,{}
868,30.854,1415110619,user_group-2,0.729678,,{}
869,30.874,1415110619,user_group-2,0.650602,,{}
870,30.926,1415110619,user_group-1,0.660097,,{}
871,31.088,1415110619,user_group-2,0.727271,,{}
872,31.115,1415110619,user_group-1,0.718910,,{}
873,31.155,1415110619,user_group-2,0.830574,,{}
874,31.174,1415110619,user_group-1,0.798550,,{}
875,31.199,1415110619,user_group-1,0.789442,,{}
876,31.210,1415110619,user_group-2,0.777444,,{}
877,31.235,1415110619,user_group-1,0.766261,,{}
878,31.248,1415110619,user_group-1,0.724631,,{}
879,31.291,1415110619,user_group-2,0.842156,,{}
880,31.296,1415110619,user_group-2,0.732755,,{}
881,31.307,1415110619,user_group-1,0.704793,,{}
882,31.344,1415110619,user_group-1,0.806432,,{}
883,31.372,1415110619,user_group-1,0.683425,,{}
884,31.377,1415110619,user_group-1,0.660241,,{}
885,31.400,1415110619,user_group-2,0.649474,,{}
886,31.448,1415110619,user_group-2,0.657780,,{}
887,31.468,1415110619,user_group-2,0.613398,,{}
888,31.488,1415110619,user_group-2,0.614710,,{}
889,31.521,1415110619,user_group-2,0.685951,,{}
890,31.552,1415110619,user_group-1,0.626080,,{}
891,31.642,1415110620,user_group-2,0.553708,,{}
892,31.677,1415110620,user_group-1,0.562251,,{}
893,31.758,1415110620,user_group-2,0.603472,,{}
894,31.860,1415110620,user_group-2,0.649398,,{}
895,31.876,1415110620,user_group-1,0.676837,,{}
896,31.920,1415110620,user_group-1,0.746749,,{}
897,31.941,1415110620,user_group-1,0.705669,,{}
898,32.002,1415110620,user_group-1,0.753880,,{}
899,32.021,1415110620,user_group-2,0.730697,,{}
900,32.033,1415110620,user_group-1,0.725342,,{}
901,32.058,1415110620,user_group-2,0.762406,,{}
902,32.090,1415110620,user_group-1,0.719031,,{}
903,32.105,1415110620,user_group-1,0.729551,,{}
904,32.144,1415110620,user_group-1,0.799259,,{}
905,32.166,1415110620,user_group-2,0.765798,,{}
906,32.196,1415110620,user_group-2,0.748531,,{}
907,32.207,1415110620,user_group-2,0.686761,,{}
908,32.230,1415110620,user_group-1,0.678210,,{}
909,32.243,1415110620,user_group-2,0.775247,,{}
910,32.257,1415110620,user_group-2,0.616138,,{}
911,32.310,1415110620,user_group-1,0.633914,,{}
912,32.386,1415110620,user_group-2,0.628148,,{}
913,32.429,1415110620,user_group-2,0.570102,,{}
914,32.464,1415110620,user_group-1,0.587239,,{}
915,32.534,1415110620,user_group-1,0.593072,,{}
916,32.631,1415110620,user_group-2,0.609194,,{}
917,32.640,1415110621,user_group-1,0.719461,,{}
918,32.650,1415110621,user_group-1,0.616798,,{}
919,32.692,1415110621,user_group-2,0.632505,,{}
920,32.721,1415110621,user_group-1,0.718958,,{}
921,32.760,1415110621,user_group-1,0.669184,,{}
922,32.823,1415110621,user_group-1,0.679040,,{}
923,32.842,1415110621,user_group-1,0.735841,,{}
924,32.880,1415110621,user_group-2,0.714192,,{}
925,32.888,1415110621,user_group-2,0.680348,,{}
926,32.913,1415110621,user_group-2,0.716370,,{}
927,32.951,1415110621,user_group-1,0.721158,,{}
928,32.974,1415110621,user_group-2,0.730043,,{}
929,33.006,1415110621,user_group-2,0.748251,,{}
930,33.011,1415110621,user_group-1,0.701051,,{}
931,33.050,1415110621,user_group-2,0.663732,,{}
932,33.067,1415110621,user_group-2,0.637018,,{}
933,33.114,1415110621,user_group-1,0.580062,,{}
934,33.138,1415110621,user_group-1,0.674807,,{}
935,33.159,1415110621,user_group-2,1.670867,,{}
936,33.191,1415110621,user_group-2,0.560858,,{}
937,33.226,1415110621,user_group-1,0.586622,,{}
938,33.320,1415110621,user_group-1,0.669527,,{}
939,33.378,1415110621,user_group-2,0.686498,,{}
940,33.412,1415110621,user_group-1,0.690598,,{}
941,33.446,1415110621,user_group-1,0.686672,,{}
942,33.533,1415110621,user_group-1,0.690627,,{}
943,33.557,1415110621,user_group-1,0.733267,,{}
944,33.611,1415110621,user_group-2,0.722470,,{}
945,33.632,1415110621,user_group-1,0.679997,,{}
946,33.635,1415110621,user_group-2,0.754864,,{}
947,33.665,1415110622,user_group-2,0.752087,,{}
948,33.696,1415110622,user_group-2,0.722131,,{}
949,33.707,1415110622,user_group-1,0.695396,,{}
950,33.733,1415110622,user_group-2,0.681893,,{}
951,33.749,1415110622,user_group-2,0.742470,,{}
952,33.799,1415110622,user_group-2,0.731340,,{}
953,33.831,1415110622,user_group-1,0.716563,,{}
954,33.838,1415110622,user_group-2,0.647213,,{}
955,33.860,1415110622,user_group-2,0.700749,,{}
956,33.901,1415110622,user_group-1,0.763218,,{}
957,33.921,1415110622,user_group-1,0.695317,,{}
958,33.943,1415110622,user_group-1,0.624134,,{}
959,33.975,1415110622,user_group-2,0.597505,,{}
960,34.131,1415110622,user_group-1,0.719655,,{}
961,34.176,1415110622,user_group-1,0.728678,,{}
962,34.196,1415110622,user_group-1,0.663839,,{}
963,34.219,1415110622,user_group-1,0.662458,,{}
964,34.248,1415110622,user_group-2,0.637947,,{}
965,34.263,1415110622,user_group-1,0.631215,,{}
966,34.304,1415110622,user_group-2,0.668846,,{}
967,34.332,1415110622,user_group-2,0.667155,,{}
968,34.384,1415110622,user_group-2,0.688098,,{}
969,34.411,1415110622,user_group-1,0.703748,,{}
970,34.466,1415110622,user_group-2,0.733750,,{}
971,34.484,1415110622,user_group-2,0.735087,,{}
972,34.548,1415110622,user_group-1,0.716983,,{}
973,34.554,1415110622,user_group-2,0.714559,,{}
974,34.569,1415110622,user_group-2,0.770630,,{}
975,34.602,1415110622,user_group-2,0.741116,,{}
976,34.621,1415110622,user_group-1,0.718396,,{}
977,34.660,1415110623,user_group-1,0.715414,,{}
978,34.683,1415110623,user_group-1,0.760894,,{}
979,34.700,1415110623,user_group-2,0.723854,,{}
980,34.728,1415110623,user_group-1,0.596791,,{}
981,34.771,1415110623,user_group-1,0.594737,,{}
982,34.812,1415110623,user_group-1,0.614932,,{}
983,34.846,1415110623,user_group-1,0.627116,,{}
984,34.887,1415110623,user_group-2,0.638451,,{}
985,34.911,1415110623,user_group-1,0.648176,,{}
986,34.915,1415110623,user_group-2,0.610668,,{}
987,34.941,1415110623,user_group-2,0.609258,,{}
988,35.016,1415110623,user_group-2,0.632465,,{}
989,35.036,1415110623,user_group-1,0.625014,,{}
990,35.081,1415110623,user_group-2,0.615119,,{}
991,35.136,1415110623,user_group-2,0.652317,,{}
992,35.186,1415110623,user_group-2,0.617332,,{}
993,35.221,1415110623,user_group-1,0.673044,,{}
994,35.246,1415110623,user_group-2,0.692176,,{}
995,35.285,1415110623,user_group-2,0.683771,,{}
996,35.340,1415110623,user_group-1,0.720312,,{}
997,35.369,1415110623,user_group-1,0.710288,,{}
998,35.390,1415110623,user_group-1,0.707287,,{}
999,35.398,1415110623,user_group-2,0.698936,,{}
1000,35.432,1415110623,user_group-1,0.704126,,{}
1001,35.469,1415110623,user_group-1,0.698693,,{}
1002,35.506,1415110623,user_group-1,0.694439,,{}
1003,35.546,1415110623,user_group-1,0.700645,,{}
1004,35.598,1415110623,user_group-1,0.687350,,{}
1005,35.601,1415110623,user_group-2,0.714857,,{}
1006,35.619,1415110623,user_group-2,0.705027,,{}
1007,35.639,1415110623,user_group-2,0.698469,,{}
1008,35.676,1415110624,user_group-1,0.640388,,{}
1009,35.687,1415110624,user_group-2,0.671072,,{}
1010,35.707,1415110624,user_group-2,0.625222,,{}
1011,35.767,1415110624,user_group-2,0.631409,,{}
1012,35.810,1415110624,user_group-2,0.623883,,{}
1013,35.860,1415110624,user_group-1,0.640054,,{}
1014,35.878,1415110624,user_group-2,0.632706,,{}
1015,35.903,1415110624,user_group-2,0.618159,,{}
1016,35.975,1415110624,user_group-1,0.633652,,{}
1017,36.060,1415110624,user_group-2,0.661515,,{}
1018,36.078,1415110624,user_group-1,0.687873,,{}
1019,36.123,1415110624,user_group-1,0.752993,,{}
1020,36.184,1415110624,user_group-1,0.752107,,{}
1021,36.206,1415110624,user_group-1,0.737255,,{}
1022,36.211,1415110624,user_group-1,0.705337,,{}
1023,36.313,1415110624,user_group-1,0.765999,,{}
1024,36.371,1415110624,user_group-2,0.751395,,{}
1025,36.401,1415110624,user_group-1,0.802374,,{}
1026,36.424,1415110624,user_group-2,0.784628,,{}
1027,36.499,1415110624,user_group-2,0.897509,,{}
1028,36.534,1415110624,user_group-2,0.827032,,{}
1029,36.554,1415110624,user_group-2,0.866203,,{}
1030,36.571,1415110624,user_group-1,0.894292,,{}
1031,36.622,1415110624,user_group-2,0.811136,,{}
1032,36.621,1415110624,user_group-2,0.853843,,{}
1033,36.623,1415110624,user_group-1,0.761599,,{}
1034,36.654,1415110625,user_group-2,0.775975,,{}
1035,36.664,1415110625,user_group-2,0.760424,,{}
1036,36.713,1415110625,user_group-1,0.738233,,{}
1037,36.724,1415110625,user_group-2,0.664240,,{}
1038,36.770,1415110625,user_group-1,0.691596,,{}
1039,36.875,1415110625,user_group-1,0.752438,,{}
1040,36.876,1415110625,user_group-1,0.691666,,{}
1041,36.900,1415110625,user_group-1,0.688942,,{}
1042,36.938,1415110625,user_group-1,0.731229,,{}
1043,36.982,1415110625,user_group-1,0.669246,,{}
1044,37.042,1415110625,user_group-2,0.670282,,{}
1045,37.079,1415110625,user_group-1,0.678891,,{}
1046,37.083,1415110625,user_group-2,0.658856,,{}
1047,37.120,1415110625,user_group-2,0.620572,,{}
1048,37.149,1415110625,user_group-1,0.578320,,{}
1049,37.177,1415110625,user_group-2,0.643726,,{}
1050,37.215,1415110625,user_group-2,0.661448,,{}
1051,37.248,1415110625,user_group-2,0.626727,,{}
1052,37.268,1415110625,user_group-2,0.613797,,{}
1053,37.293,1415110625,user_group-2,0.671143,,{}
1054,37.338,1415110625,user_group-1,0.715102,,{}
1055,37.403,1415110625,user_group-2,0.738801,,{}
1056,37.484,1415110625,user_group-1,0.771327,,{}
1057,37.511,1415110625,user_group-2,0.786356,,{}
1058,37.539,1415110625,user_group-1,0.768740,,{}
1059,37.553,1415110625,user_group-1,0.677054,,{}
1060,37.570,1415110625,user_group-1,0.692969,,{}
1061,37.596,1415110625,user_group-1,0.695302,,{}
1062,37.633,1415110625,user_group-1,0.695356,,{}
1063,37.668,1415110626,user_group-1,0.685857,,{}
1064,37.674,1415110626,user_group-2,0.632217,,{}
1065,37.693,1415110626,user_group-2,0.609989,,{}
1066,37.738,1415110626,user_group-2,0.617751,,{}
1067,37.780,1415110626,user_group-1,0.700322,,{}
1068,37.865,1415110626,user_group-1,0.716423,,{}
1069,37.883,1415110626,user_group-2,0.706273,,{}
1070,37.935,1415110626,user_group-2,0.719451,,{}
1071,37.971,1415110626,user_group-2,0.721768,,{}
1072,38.015,1415110626,user_group-2,0.746021,,{}
1073,38.035,1415110626,user_group-2,0.741590,,{}
1074,38.051,1415110626,user_group-1,0.713025,,{}
1075,38.077,1415110626,user_group-2,0.674675,,{}
1076,38.087,1415110626,user_group-1,0.603723,,{}
1077,38.122,1415110626,user_group-1,0.583178,,{}
1078,38.173,1415110626,user_group-2,0.662034,,{}
1079,38.217,1415110626,user_group-1,0.621848,,{}
1080,38.281,1415110626,user_group-1,0.728355,,{}
1081,38.308,1415110626,user_group-1,0.738217,,{}
1082,38.365,1415110626,user_group-2,0.672470,,{}
1083,38.386,1415110626,user_group-2,0.711875,,{}
1084,38.393,1415110626,user_group-1,0.724764,,{}
1085,38.412,1415110626,user_group-1,0.778913,,{}
1086,38.430,1415110626,user_group-2,0.692758,,{}
1087,38.444,1415110626,user_group-1,0.663881,,{}
1088,38.473,1415110626,user_group-1,0.606769,,{}
1089,38.499,1415110626,user_group-2,0.614735,,{}
1090,38.548,1415110626,user_group-2,0.613372,,{}
1091,38.599,1415110626,user_group-2,0.628064,,{}
1092,38.620,1415110626,user_group-2,0.584897,,{}
1093,38.665,1415110627,user_group-2,0.650354,,{}
1094,38.697,1415110627,user_group-1,0.645829,,{}
1095,38.748,1415110627,user_group-2,0.671058,,{}
1096,38.800,1415110627,user_group-1,0.712511,,{}
1097,38.822,1415110627,user_group-1,0.700774,,{}
1098,38.849,1415110627,user_group-2,0.675614,,{}
1099,38.868,1415110627,user_group-1,0.650581,,{}
1100,38.896,1415110627,user_group-1,0.614364,,{}
1101,38.927,1415110627,user_group-1,0.618878,,{}
1102,38.952,1415110627,user_group-2,0.586293,,{}
1103,39.021,1415110627,user_group-2,0.634501,,{}
1104,39.051,1415110627,user_group-1,0.657354,,{}
1105,39.070,1415110627,user_group-1,0.657608,,{}
1106,39.104,1415110627,user_group-2,0.673277,,{}
1107,39.110,1415110627,user_group-1,0.665757,,{}
1108,39.129,1415110627,user_group-1,0.656686,,{}
1109,39.152,1415110627,user_group-2,0.653183,,{}
1110,39.183,1415110627,user_group-2,0.635285,,{}
1111,39.206,1415110627,user_group-2,0.608253,,{}
1112,39.233,1415110627,user_group-2,0.613393,,{}
1113,39.267,1415110627,user_group-1,0.570701,,{}
1114,39.291,1415110627,user_group-2,0.627009,,{}
1115,39.350,1415110627,user_group-2,0.601395,,{}
1116,39.396,1415110627,user_group-1,0.595875,,{}
1117,39.444,1415110627,user_group-1,0.621880,,{}
1118,39.582,1415110627,user_group-2,0.733066,,{}
1119,39.607,1415110627,user_group-1,0.738450,,{}
1120,39.699,1415110628,user_group-1,0.804134,,{}
1121,39.752,1415110628,user_group-1,0.824890,,{}
1122,39.754,1415110628,user_group-2,0.801879,,{}
1123,39.785,1415110628,user_group-2,0.764274,,{}
1124,39.794,1415110628,user_group-1,0.743197,,{}
1125,39.815,1415110628,user_group-1,0.745578,,{}
1126,39.821,1415110628,user_group-2,0.717671,,{}
1127,39.834,1415110628,user_group-1,0.724307,,{}
1128,39.952,1415110628,user_group-2,0.799840,,{}
1129,39.969,1415110628,user_group-2,0.785177,,{}
1130,39.971,1415110628,user_group-1,0.841616,,{}
1131,40.010,1415110628,user_group-1,0.741842,,{}
1132,40.025,1415110628,user_group-2,0.792011,,{}
1133,40.033,1415110628,user_group-2,0.826073,,{}
1134,40.070,1415110628,user_group-2,0.778048,,{}
1135,40.116,1415110628,user_group-2,0.766069,,{}
1136,40.179,1415110628,user_group-1,0.733588,,{}
1137,40.208,1415110628,user_group-1,0.811732,,{}
1138,40.251,1415110628,user_group-2,0.669713,,{}
1139,40.272,1415110628,user_group-1,0.665353,,{}
1140,40.328,1415110628,user_group-1,0.628012,,{}
1141,40.377,1415110628,user_group-2,0.623873,,{}
1142,40.402,1415110628,user_group-2,0.617658,,{}
1143,40.421,1415110628,user_group-1,0.669288,,{}
1144,40.466,1415110628,user_group-1,0.672982,,{}
1145,40.483,1415110628,user_group-1,0.667232,,{}
1146,40.544,1415110628,user_group-2,0.721800,,{}
1147,40.571,1415110628,user_group-1,0.736332,,{}
1148,40.633,1415110628,user_group-2,0.664450,,{}
1149,40.653,1415110629,user_group-1,0.681505,,{}
1150,40.684,1415110629,user_group-2,0.731940,,{}
1151,40.708,1415110629,user_group-2,0.682951,,{}
1152,40.730,1415110629,user_group-1,0.720314,,{}
1153,40.746,1415110629,user_group-2,0.712922,,{}
1154,40.767,1415110629,user_group-2,0.696280,,{}
1155,40.861,1415110629,user_group-2,0.745441,,{}
1156,40.868,1415110629,user_group-1,0.690515,,{}
1157,40.970,1415110629,user_group-1,0.761675,,{}
1158,40.987,1415110629,user_group-2,0.735654,,{}
1159,40.996,1415110629,user_group-1,0.723949,,{}
1160,41.017,1415110629,user_group-1,0.689384,,{}
1161,41.031,1415110629,user_group-2,0.653389,,{}
1162,41.058,1415110629,user_group-2,0.655506,,{}
1163,41.162,1415110629,user_group-1,0.740933,,{}
1164,41.218,1415110629,user_group-1,0.734885,,{}
1165,41.235,1415110629,user_group-1,0.769226,,{}
1166,41.264,1415110629,user_group-1,0.693375,,{}
1167,41.279,1415110629,user_group-2,0.735066,,{}
1168,41.297,1415110629,user_group-2,0.663935,,{}
1169,41.345,1415110629,user_group-1,0.692641,,{}
1170,41.372,1415110629,user_group-2,0.688172,,{}
1171,41.397,1415110629,user_group-2,0.650920,,{}
1172,41.426,1415110629,user_group-1,0.695528,,{}
1173,41.477,1415110629,user_group-2,0.768875,,{}
1174,41.498,1415110629,user_group-1,0.630032,,{}
1175,41.516,1415110629,user_group-2,0.750194,,{}
1176,41.537,1415110629,user_group-2,0.675959,,{}
1177,41.570,1415110629,user_group-1,0.600470,,{}
1178,41.611,1415110629,user_group-2,0.579636,,{}
1179,41.642,1415110630,user_group-2,0.655379,,{}
1180,41.664,1415110630,user_group-1,0.646031,,{}
1181,41.685,1415110630,user_group-1,0.688401,,{}
1182,41.694,1415110630,user_group-2,0.635766,,{}
1183,41.735,1415110630,user_group-1,0.572527,,{}
1184,41.790,1415110630,user_group-1,0.571766,,{}
1185,41.831,1415110630,user_group-1,0.594382,,{}
1186,41.883,1415110630,user_group-1,0.618170,,{}
1187,41.920,1415110630,user_group-2,0.642271,,{}
1188,41.936,1415110630,user_group-2,0.638924,,{}
1189,41.957,1415110630,user_group-1,0.612369,,{}
1190,41.998,1415110630,user_group-2,0.625470,,{}
1191,42.021,1415110630,user_group-2,0.624469,,{}
1192,42.063,1415110630,user_group-1,0.637703,,{}
1193,42.100,1415110630,user_group-2,0.623432,,{}
1194,42.163,1415110630,user_group-2,0.625787,,{}
1195,42.193,1415110630,user_group-1,0.693829,,{}
1196,42.198,1415110630,user_group-2,0.681387,,{}
1197,42.223,1415110630,user_group-1,0.652431,,{}
1198,42.242,1415110630,user_group-2,0.599589,,{}
1199,42.278,1415110630,user_group-2,0.666512,,{}
1200,42.335,1415110630,user_group-1,0.672037,,{}
1201,42.349,1415110630,user_group-2,0.655362,,{}
1202,42.357,1415110630,user_group-1,0.672385,,{}
1203,42.376,1415110630,user_group-1,0.641346,,{}
1204,42.394,1415110630,user_group-1,0.603858,,{}
1205,42.456,1415110630,user_group-1,0.625973,,{}
1206,42.476,1415110630,user_group-1,0.593071,,{}
1207,42.535,1415110630,user_group-2,0.614485,,{}
1208,42.560,1415110630,user_group-2,0.623696,,{}
1209,42.582,1415110630,user_group-1,0.624392,,{}
1210,42.616,1415110630,user_group-2,0.618640,,{}
1211,42.646,1415110631,user_group-2,0.624527,,{}
1212,42.683,1415110631,user_group-1,0.619966,,{}
1213,42.699,1415110631,user_group-2,0.598567,,{}
1214,42.733,1415110631,user_group-2,0.569606,,{}
1215,42.784,1415110631,user_group-1,0.590772,,{}
1216,42.841,1415110631,user_group-2,0.642219,,{}
1217,42.858,1415110631,user_group-2,0.615861,,{}
1218,42.893,1415110631,user_group-1,0.669510,,{}
1219,42.959,1415110631,user_group-2,0.681054,,{}
1220,42.965,1415110631,user_group-1,0.629977,,{}
1221,42.986,1415110631,user_group-2,0.637418,,{}
1222,43.048,1415110631,user_group-1,0.690675,,{}
1223,43.066,1415110631,user_group-1,0.690781,,{}
1224,43.095,1415110631,user_group-1,0.701675,,{}
1225,43.122,1415110631,user_group-1,0.646749,,{}
1226,43.149,1415110631,user_group-1,0.693086,,{}
1227,43.187,1415110631,user_group-2,0.652139,,{}
1228,43.193,1415110631,user_group-1,0.611393,,{}
1229,43.222,1415110631,user_group-2,0.662111,,{}
1230,43.236,1415110631,user_group-2,0.620285,,{}
1231,43.283,1415110631,user_group-2,0.583204,,{}
1232,43.319,1415110631,user_group-2,0.673374,,{}
1233,43.360,1415110631,user_group-2,0.626667,,{}
1234,43.364,1415110631,user_group-1,0.680522,,{}
1235,43.540,1415110631,user_group-1,0.756355,,{}
1236,43.604,1415110631,user_group-2,0.763155,,{}
1237,43.617,1415110631,user_group-1,0.724124,,{}
1238,43.639,1415110631,user_group-2,0.780243,,{}
1239,43.664,1415110632,user_group-2,0.705266,,{}
1240,43.740,1415110632,user_group-1,0.774767,,{}
1241,43.812,1415110632,user_group-2,0.825639,,{}
1242,43.878,1415110632,user_group-1,0.829810,,{}
1243,43.915,1415110632,user_group-1,0.847746,,{}
1244,43.936,1415110632,user_group-1,0.813139,,{}
1245,43.958,1415110632,user_group-1,0.862811,,{}
1246,43.971,1415110632,user_group-1,0.821592,,{}
1247,43.988,1415110632,user_group-2,0.800048,,{}
1248,44.009,1415110632,user_group-2,0.787406,,{}
1249,44.046,1415110632,user_group-1,0.852658,,{}
1250,44.057,1415110632,user_group-2,0.820224,,{}
1251,44.075,1415110632,user_group-2,0.792454,,{}
1252,44.094,1415110632,user_group-2,0.774136,,{}
1253,44.133,1415110632,user_group-1,0.769065,,{}
1254,44.148,1415110632,user_group-2,0.787680,,{}
1255,44.200,1415110632,user_group-1,0.659573,,{}
1256,44.304,1415110632,user_group-1,0.687408,,{}
1257,44.316,1415110632,user_group-2,0.677398,,{}
1258,44.343,1415110632,user_group-2,0.739269,,{}
1259,44.358,1415110632,user_group-2,0.694086,,{}
1260,44.401,1415110632,user_group-1,0.660600,,{}
1261,44.426,1415110632,user_group-2,0.613534,,{}
1262,44.450,1415110632,user_group-1,0.571915,,{}
1263,44.500,1415110632,user_group-1,0.585457,,{}
1264,44.546,1415110632,user_group-1,0.609720,,{}
1265,44.578,1415110632,user_group-1,0.619068,,{}
1266,44.605,1415110632,user_group-1,0.633277,,{}
1267,44.700,1415110633,user_group-2,0.712595,,{}
1268,44.727,1415110633,user_group-1,0.680971,,{}
1269,44.734,1415110633,user_group-2,0.724833,,{}
1270,44.766,1415110633,user_group-2,0.709624,,{}
1271,44.788,1415110633,user_group-2,0.713236,,{}
1272,44.815,1415110633,user_group-2,0.721858,,{}
1273,44.842,1415110633,user_group-1,0.709588,,{}
1274,44.855,1415110633,user_group-2,0.707585,,{}
1275,44.871,1415110633,user_group-1,0.671365,,{}
1276,44.934,1415110633,user_group-2,0.617612,,{}
1277,44.951,1415110633,user_group-2,0.608196,,{}
1278,44.987,1415110633,user_group-1,0.682845,,{}
1279,45.007,1415110633,user_group-2,0.648565,,{}
1280,45.037,1415110633,user_group-1,0.636113,,{}
1281,45.060,1415110633,user_group-2,0.634193,,{}
1282,45.070,1415110633,user_group-1,0.619802,,{}
1283,45.122,1415110633,user_group-1,0.621482,,{}
1284,45.199,1415110633,user_group-1,0.653298,,{}
1285,45.232,1415110633,user_group-1,0.626868,,{}
1286,45.250,1415110633,user_group-1,0.672894,,{}
1287,45.348,1415110633,user_group-2,0.614072,,{}
1288,45.370,1415110633,user_group-2,0.669427,,{}
1289,45.449,1415110633,user_group-1,0.722564,,{}
1290,45.462,1415110633,user_group-2,0.695065,,{}
1291,45.497,1415110633,user_group-2,0.709702,,{}
1292,45.564,1415110633,user_group-2,0.708350,,{}
1293,45.601,1415110633,user_group-2,0.785555,,{}
1294,45.627,1415110633,user_group-1,0.755656,,{}
1295,45.660,1415110634,user_group-1,0.817523,,{}
1296,45.697,1415110634,user_group-2,0.763001,,{}
1297,45.731,1415110634,user_group-2,0.780127,,{}
1298,45.750,1415110634,user_group-1,0.763603,,{}
1299,45.771,1415110634,user_group-2,0.764134,,{}
1300,45.795,1415110634,user_group-2,0.734809,,{}
1301,45.806,1415110634,user_group-1,0.768302,,{}
1302,45.845,1415110634,user_group-1,0.775108,,{}
1303,45.864,1415110634,user_group-1,0.742801,,{}
1304,45.897,1415110634,user_group-1,0.698835,,{}
1305,46.013,1415110634,user_group-1,0.781779,,{}
1306,46.035,1415110634,user_group-1,0.785240,,{}
1307,46.063,1415110634,user_group-2,0.714270,,{}
1308,46.080,1415110634,user_group-2,0.710660,,{}
1309,46.109,1415110634,user_group-1,0.659949,,{}
1310,46.209,1415110634,user_group-2,0.746654,,{}
1311,46.225,1415110634,user_group-2,0.726682,,{}
1312,46.244,1415110634,user_group-2,0.680512,,{}
1313,46.258,1415110634,user_group-2,0.656612,,{}
1314,46.312,1415110634,user_group-1,0.685035,,{}
1315,46.333,1415110634,user_group-1,0.673048,,{}
1316,46.344,1415110634,user_group-2,0.646888,,{}
1317,46.428,1415110634,user_group-1,0.676705,,{}
1318,46.477,1415110634,user_group-2,0.745473,,{}
1319,46.506,1415110634,user_group-2,0.735175,,{}
1320,46.613,1415110634,user_group-1,0.768327,,{}
1321,46.634,1415110634,user_group-1,0.827970,,{}
1322,46.636,1415110634,user_group-2,0.841099,,{}
1323,46.651,1415110635,user_group-1,0.786116,,{}
1324,46.669,1415110635,user_group-1,0.771316,,{}
1325,46.729,1415110635,user_group-1,0.715659,,{}
1326,46.735,1415110635,user_group-2,0.671483,,{}
1327,46.746,1415110635,user_group-2,0.665463,,{}
1328,46.774,1415110635,user_group-1,0.664407,,{}
1329,46.809,1415110635,user_group-2,0.564596,,{}
1330,46.840,1415110635,user_group-1,0.804396,,{}
1331,46.861,1415110635,user_group-2,0.652660,,{}
1332,46.878,1415110635,user_group-2,0.653337,,{}
1333,46.903,1415110635,user_group-2,0.644883,,{}
1334,46.918,1415110635,user_group-2,0.574326,,{}
1335,46.956,1415110635,user_group-1,0.643790,,{}
1336,46.972,1415110635,user_group-1,0.638471,,{}
1337,47.018,1415110635,user_group-1,0.589987,,{}
1338,47.048,1415110635,user_group-2,0.570961,,{}
1339,47.233,1415110635,user_group-1,0.619434,,{}
1340,47.293,1415110635,user_group-1,0.642458,,{}
1341,47.298,1415110635,user_group-2,0.661941,,{}
1342,47.319,1415110635,user_group-2,0.813028,,{}
1343,47.321,1415110635,user_group-1,0.687898,,{}
1344,47.358,1415110635,user_group-2,0.623417,,{}
1345,47.403,1415110635,user_group-1,0.734738,,{}
1346,47.421,1415110635,user_group-1,0.692275,,{}
1347,47.451,1415110635,user_group-2,0.704916,,{}
1348,47.578,1415110635,user_group-2,0.716490,,{}
1349,47.611,1415110635,user_group-1,0.770776,,{}
1350,47.641,1415110636,user_group-1,0.866898,,{}
1351,47.664,1415110636,user_group-2,0.761696,,{}
1352,47.675,1415110636,user_group-2,0.865807,,{}
1353,47.680,1415110636,user_group-2,0.801921,,{}
1354,47.731,1415110636,user_group-1,0.714086,,{}
1355,47.740,1415110636,user_group-2,0.691656,,{}
1356,47.754,1415110636,user_group-1,0.797561,,{}
1357,47.796,1415110636,user_group-1,0.824595,,{}
1358,47.907,1415110636,user_group-2,0.989463,,{}
1359,47.923,1415110636,user_group-1,0.689695,,{}
1360,47.972,1415110636,user_group-1,0.678720,,{}
1361,47.995,1415110636,user_group-2,0.675289,,{}
1362,48.014,1415110636,user_group-2,0.715812,,{}
1363,48.092,1415110636,user_group-1,0.770616,,{}
1364,48.137,1415110636,user_group-1,0.733519,,{}
1365,48.164,1415110636,user_group-2,0.806589,,{}
1366,48.228,1415110636,user_group-1,0.806191,,{}
1367,48.265,1415110636,user_group-2,0.813799,,{}
1368,48.284,1415110636,user_group-2,0.706258,,{}
1369,48.319,1415110636,user_group-1,0.708247,,{}
1370,48.428,1415110636,user_group-2,0.762663,,{}
1371,48.442,1415110636,user_group-1,0.801580,,{}
1372,48.467,1415110636,user_group-2,0.787021,,{}
1373,48.493,1415110636,user_group-2,0.818195,,{}
1374,48.516,1415110636,user_group-1,0.784019,,{}
1375,48.527,1415110636,user_group-2,0.787066,,{}
1376,48.555,1415110636,user_group-1,0.758811,,{}
1377,48.583,1415110636,user_group-1,0.829620,,{}
1378,48.592,1415110636,user_group-1,0.668803,,{}
1379,48.627,1415110636,user_group-2,0.719344,,{}
1380,48.635,1415110636,user_group-2,0.640362,,{}
1381,48.650,1415110637,user_group-1,0.677740,,{}
1382,48.698,1415110637,user_group-2,0.683544,,{}
1383,48.714,1415110637,user_group-1,0.621558,,{}
1384,48.760,1415110637,user_group-1,0.623016,,{}
1385,48.797,1415110637,user_group-2,0.632519,,{}
1386,48.832,1415110637,user_group-1,0.604234,,{}
1387,48.866,1415110637,user_group-2,0.600692,,{}
1388,48.898,1415110637,user_group-2,0.613661,,{}
1389,48.930,1415110637,user_group-1,0.610917,,{}
1390,49.001,1415110637,user_group-2,0.574300,,{}
1391,49.090,1415110637,user_group-1,0.646964,,{}
1392,49.158,1415110637,user_group-2,0.690245,,{}
1393,49.207,1415110637,user_group-2,0.714035,,{}
1394,49.219,1415110637,user_group-1,0.703150,,{}
1395,49.263,1415110637,user_group-2,0.735961,,{}
1396,49.264,1415110637,user_group-1,0.681468,,{}
1397,49.282,1415110637,user_group-1,0.726086,,{}
1398,49.337,1415110637,user_group-1,0.745723,,{}
1399,49.377,1415110637,user_group-2,0.741716,,{}
1400,49.410,1415110637,user_group-2,0.783205,,{}
1401,49.441,1415110637,user_group-2,0.742322,,{}
1402,49.442,1415110637,user_group-1,0.791376,,{}
1403,49.460,1415110637,user_group-1,0.746003,,{}
1404,49.481,1415110637,user_group-1,0.719905,,{}
1405,49.521,1415110637,user_group-2,0.724113,,{}
1406,49.527,1415110637,user_group-1,0.694800,,{}
1407,49.547,1415110637,user_group-2,0.680983,,{}
1408,49.575,1415110637,user_group-2,0.676505,,{}
1409,49.670,1415110638,user_group-1,0.739907,,{}
1410,49.728,1415110638,user_group-2,0.726471,,{}
1411,49.737,1415110638,user_group-1,0.647651,,{}
1412,49.767,1415110638,user_group-2,0.609605,,{}
1413,49.815,1415110638,user_group-2,0.608037,,{}
1414,49.840,1415110638,user_group-1,0.620781,,{}
1415,49.909,1415110638,user_group-2,0.646441,,{}
1416,50.016,1415110638,user_group-1,0.751437,,{}
1417,50.103,1415110638,user_group-1,0.822095,,{}
1418,50.122,1415110638,user_group-1,0.784852,,{}
1419,50.147,1415110638,user_group-2,0.706551,,{}
1420,50.167,1415110638,user_group-2,0.757227,,{}
1421,50.185,1415110638,user_group-2,0.808364,,{}
1422,50.212,1415110638,user_group-1,0.752296,,{}
1423,50.230,1415110638,user_group-1,0.788519,,{}
1424,50.350,1415110638,user_group-1,0.869469,,{}
1425,50.368,1415110638,user_group-1,0.840620,,{}
1426,50.403,1415110638,user_group-2,0.881242,,{}
1427,50.419,1415110638,user_group-2,0.872913,,{}
1428,50.438,1415110638,user_group-2,0.863260,,{}
1429,50.460,1415110638,user_group-1,0.790011,,{}
1430,50.503,1415110638,user_group-2,0.736312,,{}
1431,50.508,1415110638,user_group-1,0.771099,,{}
1432,50.526,1415110638,user_group-2,0.797211,,{}
1433,50.545,1415110638,user_group-2,0.729014,,{}
1434,50.578,1415110638,user_group-1,0.737429,,{}
1435,50.600,1415110638,user_group-2,0.690753,,{}
1436,50.620,1415110638,user_group-1,0.603328,,{}
1437,50.691,1415110639,user_group-1,0.586898,,{}
1438,50.738,1415110639,user_group-2,0.590023,,{}
1439,50.786,1415110639,user_group-2,0.618306,,{}
1440,50.810,1415110639,user_group-1,0.687986,,{}
1441,50.826,1415110639,user_group-2,0.640722,,{}
1442,50.863,1415110639,user_group-1,0.650715,,{}
1443,50.929,1415110639,user_group-1,0.698236,,{}
1444,51.049,1415110639,user_group-1,0.681442,,{}
1445,51.082,1415110639,user_group-1,0.732520,,{}
1446,51.121,1415110639,user_group-2,0.717727,,{}
1447,51.177,1415110639,user_group-2,0.756995,,{}
1448,51.198,1415110639,user_group-1,0.738198,,{}
1449,51.198,1415110639,user_group-2,0.760750,,{}
1450,51.220,1415110639,user_group-2,0.716867,,{}
1451,51.249,1415110639,user_group-2,0.723661,,{}
1452,51.312,1415110639,user_group-1,0.802496,,{}
1453,51.411,1415110639,user_group-2,0.866172,,{}
1454,51.426,1415110639,user_group-2,0.825960,,{}
1455,51.436,1415110639,user_group-1,0.858603,,{}
1456,51.492,1415110639,user_group-1,0.801342,,{}
1457,51.511,1415110639,user_group-1,0.892410,,{}
1458,51.529,1415110639,user_group-2,0.792448,,{}
1459,51.545,1415110639,user_group-2,0.758992,,{}
1460,51.582,1415110639,user_group-2,0.756274,,{}
1461,51.588,1415110639,user_group-1,0.778376,,{}
1462,51.614,1415110639,user_group-1,0.751199,,{}
1463,51.620,1415110639,user_group-1,0.692100,,{}
1464,51.681,1415110640,user_group-1,0.631836,,{}
1465,51.696,1415110640,user_group-1,0.613560,,{}
1466,51.745,1415110640,user_group-2,0.568553,,{}
1467,51.814,1415110640,user_group-2,0.616006,,{}
1468,51.837,1415110640,user_group-1,0.639151,,{}
1469,51.853,1415110640,user_group-2,0.632454,,{}
1470,51.879,1415110640,user_group-2,0.629955,,{}
1471,51.932,1415110640,user_group-1,0.620523,,{}
1472,52.005,1415110640,user_group-2,0.578477,,{}
1473,52.067,1415110640,user_group-1,0.631638,,{}
1474,52.084,1415110640,user_group-2,0.673385,,{}
1475,52.157,1415110640,user_group-1,0.644769,,{}
1476,52.158,1415110640,user_group-1,0.665004,,{}
1477,52.180,1415110640,user_group-2,0.634984,,{}
1478,52.197,1415110640,user_group-2,0.667135,,{}
1479,52.217,1415110640,user_group-1,0.627932,,{}
1480,52.242,1415110640,user_group-2,0.658602,,{}
1481,52.265,1415110640,user_group-1,0.649958,,{}
1482,52.298,1415110640,user_group-1,0.677049,,{}
1483,52.315,1415110640,user_group-1,0.633393,,{}
1484,52.357,1415110640,user_group-1,0.660574,,{}
1485,52.378,1415110640,user_group-2,0.633095,,{}
1486,52.427,1415110640,user_group-2,0.612454,,{}
1487,52.475,1415110640,user_group-2,0.596150,,{}
1488,52.496,1415110640,user_group-1,0.658842,,{}
1489,52.525,1415110640,user_group-2,0.672518,,{}
1490,52.531,1415110640,user_group-1,0.599241,,{}
1491,52.645,1415110641,user_group-2,0.641064,,{}
1492,52.699,1415110641,user_group-1,0.630321,,{}
1493,52.737,1415110641,user_group-2,0.652335,,{}
1494,52.806,1415110641,user_group-1,0.648307,,{}
1495,52.823,1415110641,user_group-2,0.642872,,{}
1496,52.859,1415110641,user_group-2,0.661350,,{}
1497,52.888,1415110641,user_group-1,0.730757,,{}
1498,52.912,1415110641,user_group-1,0.694817,,{}
1499,52.932,1415110641,user_group-2,0.691212,,{}
1500,52.946,1415110641,user_group-1,0.682039,,{}
1501,52.972,1415110641,user_group-1,0.657264,,{}
1502,52.987,1415110641,user_group-1,0.689273,,{}
1503,53.021,1415110641,user_group-1,0.664919,,{}
1504,53.033,1415110641,user_group-2,0.654414,,{}
1505,53.094,1415110641,user_group-2,0.667044,,{}
1506,53.104,1415110641,user_group-1,0.606908,,{}
1507,53.151,1415110641,user_group-2,0.675305,,{}
1508,53.165,1415110641,user_group-2,0.638772,,{}
1509,53.184,1415110641,user_group-1,0.652204,,{}
1510,53.263,1415110641,user_group-1,0.564147,,{}
1511,53.307,1415110641,user_group-2,0.661112,,{}
1512,53.340,1415110641,user_group-2,0.603498,,{}
1513,53.419,1415110641,user_group-1,0.612845,,{}
1514,53.453,1415110641,user_group-2,0.630218,,{}
1515,53.473,1415110641,user_group-2,0.615489,,{}
1516,53.545,1415110641,user_group-1,0.656606,,{}
1517,53.656,1415110642,user_group-2,0.722848,,{}
1518,53.695,1415110642,user_group-1,0.708413,,{}
1519,53.705,1415110642,user_group-1,0.793366,,{}
1520,53.730,1415110642,user_group-1,0.783408,,{}
1521,53.735,1415110642,user_group-1,0.713203,,{}
1522,53.780,1415110642,user_group-2,0.746878,,{}
1523,53.850,1415110642,user_group-1,0.747213,,{}
1524,53.868,1415110642,user_group-2,0.773816,,{}
1525,53.887,1415110642,user_group-2,0.735641,,{}
1526,53.920,1415110642,user_group-2,0.755534,,{}
1527,53.943,1415110642,user_group-1,0.759396,,{}
1528,53.973,1415110642,user_group-2,0.633218,,{}
1529,54.006,1415110642,user_group-1,0.743476,,{}
1530,54.043,1415110642,user_group-2,0.736036,,{}
1531,54.049,1415110642,user_group-1,0.630578,,{}
1532,54.074,1415110642,user_group-2,0.599988,,{}
1533,54.094,1415110642,user_group-2,0.640365,,{}
1534,54.176,1415110642,user_group-1,0.631295,,{}
1535,54.242,1415110642,user_group-2,0.586589,,{}
1536,54.386,1415110642,user_group-1,0.681252,,{}
1537,54.434,1415110642,user_group-1,0.699528,,{}
1538,54.456,1415110642,user_group-1,0.760704,,{}
1539,54.492,1415110642,user_group-1,0.761930,,{}
1540,54.513,1415110642,user_group-1,1.540502,,{}
1541,54.536,1415110642,user_group-2,0.755275,,{}
1542,54.573,1415110642,user_group-2,0.685873,,{}
1543,54.613,1415110642,user_group-2,0.745052,,{}
1544,54.676,1415110643,user_group-2,0.756165,,{}
1545,54.699,1415110643,user_group-1,0.848518,,{}
1546,54.725,1415110643,user_group-1,0.782587,,{}
1547,54.756,1415110643,user_group-1,0.749888,,{}
1548,54.758,1415110643,user_group-2,0.784688,,{}
1549,54.783,1415110643,user_group-2,0.739905,,{}
1550,54.810,1415110643,user_group-1,0.760229,,{}
1551,54.835,1415110643,user_group-2,0.741448,,{}
1552,54.854,1415110643,user_group-2,0.779252,,{}
1553,54.876,1415110643,user_group-2,3.755685,,{}
1554,54.905,1415110643,user_group-1,0.729382,,{}
1555,54.911,1415110643,user_group-2,0.668697,,{}
1556,55.058,1415110643,user_group-1,0.623052,,{}
1557,55.087,1415110643,user_group-1,0.630427,,{}
1558,55.105,1415110643,user_group-1,0.612825,,{}
1559,55.133,1415110643,user_group-1,0.621172,,{}
1560,55.147,1415110643,user_group-2,0.611572,,{}
1561,55.195,1415110643,user_group-2,0.622234,,{}
1562,55.236,1415110643,user_group-2,0.622913,,{}
1563,55.253,1415110643,user_group-1,0.866967,,{}
1564,55.274,1415110643,user_group-2,0.597908,,{}
1565,55.362,1415110643,user_group-1,0.636262,,{}
1566,55.387,1415110643,user_group-1,0.687991,,{}
1567,55.431,1415110643,user_group-2,0.673596,,{}
1568,55.483,1415110643,user_group-1,0.727204,,{}
1569,55.528,1415110643,user_group-2,0.744529,,{}
1570,55.540,1415110643,user_group-2,0.686671,,{}
1571,55.618,1415110643,user_group-1,0.807887,,{}
1572,55.637,1415110643,user_group-2,0.760135,,{}
1573,55.648,1415110644,user_group-2,0.811847,,{}
1574,55.684,1415110644,user_group-1,0.779352,,{}
1575,55.718,1415110644,user_group-2,0.807476,,{}
1576,55.760,1415110644,user_group-1,0.673475,,{}
1577,55.786,1415110644,user_group-1,0.727659,,{}
1578,55.819,1415110644,user_group-1,0.714103,,{}
1579,55.837,1415110644,user_group-1,0.702776,,{}
1580,55.870,1415110644,user_group-2,0.722986,,{}
1581,55.892,1415110644,user_group-2,0.656177,,{}
1582,55.924,1415110644,user_group-2,0.729183,,{}
1583,55.933,1415110644,user_group-1,0.679004,,{}
1584,55.950,1415110644,user_group-2,0.675513,,{}
1585,55.984,1415110644,user_group-1,0.622211,,{}
1586,56.018,1415110644,user_group-1,0.630559,,{}
1587,56.035,1415110644,user_group-2,0.603007,,{}
1588,56.138,1415110644,user_group-1,0.654852,,{}
1589,56.161,1415110644,user_group-2,0.633844,,{}
1590,56.183,1415110644,user_group-2,0.642370,,{}
1591,56.214,1415110644,user_group-1,0.596072,,{}
1592,56.278,1415110644,user_group-2,0.641676,,{}
1593,56.354,1415110644,user_group-2,0.706871,,{}
1594,56.374,1415110644,user_group-2,0.655913,,{}
1595,56.426,1415110644,user_group-1,0.740992,,{}
1596,56.510,1415110644,user_group-1,0.749646,,{}
1597,56.574,1415110644,user_group-1,0.788421,,{}
1598,56.584,1415110644,user_group-1,0.748081,,{}
1599,56.603,1415110644,user_group-1,0.784132,,{}
1600,56.617,1415110644,user_group-2,0.747510,,{}
1601,56.641,1415110645,user_group-2,0.748205,,{}
1602,56.671,1415110645,user_group-1,0.738647,,{}
1603,56.744,1415110645,user_group-2,0.820428,,{}
1604,56.778,1415110645,user_group-2,0.828464,,{}
1605,56.804,1415110645,user_group-1,0.820352,,{}
1606,56.825,1415110645,user_group-1,0.807380,,{}
1607,56.849,1415110645,user_group-2,0.814646,,{}
1608,56.863,1415110645,user_group-2,0.701710,,{}
1609,56.870,1415110645,user_group-1,0.732276,,{}
1610,56.901,1415110645,user_group-2,0.718975,,{}
1611,56.906,1415110645,user_group-1,0.692761,,{}
1612,56.945,1415110645,user_group-2,0.667789,,{}
1613,56.959,1415110645,user_group-2,0.605648,,{}
1614,57.002,1415110645,user_group-2,0.627551,,{}
1615,57.042,1415110645,user_group-1,0.616523,,{}
1616,57.068,1415110645,user_group-1,0.558245,,{}
1617,57.169,1415110645,user_group-1,0.594683,,{}
1618,57.199,1415110645,user_group-1,0.614385,,{}
1619,57.221,1415110645,user_group-1,0.617362,,{}
1620,57.251,1415110645,user_group-2,0.633252,,{}
1621,57.311,1415110645,user_group-2,0.669665,,{}
1622,57.340,1415110645,user_group-1,0.668926,,{}
1623,57.380,1415110645,user_group-2,0.635936,,{}
1624,57.421,1415110645,user_group-2,0.642376,,{}
1625,57.445,1415110645,user_group-2,0.596339,,{}
1626,57.469,1415110645,user_group-1,0.663972,,{}
1627,57.487,1415110645,user_group-1,0.661759,,{}
1628,57.517,1415110645,user_group-1,0.647046,,{}
1629,57.545,1415110645,user_group-2,0.682353,,{}
1630,57.597,1415110645,user_group-2,0.696456,,{}
1631,57.631,1415110645,user_group-1,0.724333,,{}
1632,57.676,1415110646,user_group-2,0.729644,,{}
1633,57.766,1415110646,user_group-2,0.763507,,{}
1634,57.774,1415110646,user_group-1,0.731314,,{}
1635,57.781,1415110646,user_group-2,0.821556,,{}
1636,57.792,1415110646,user_group-1,0.723565,,{}
1637,57.811,1415110646,user_group-1,0.642310,,{}
1638,57.840,1415110646,user_group-1,0.620039,,{}
1639,57.862,1415110646,user_group-1,0.663381,,{}
1640,57.871,1415110646,user_group-2,0.620547,,{}
1641,57.951,1415110646,user_group-2,0.640138,,{}
1642,57.974,1415110646,user_group-1,0.633741,,{}
1643,57.987,1415110646,user_group-2,0.607279,,{}
1644,58.030,1415110646,user_group-2,0.608833,,{}
1645,58.087,1415110646,user_group-2,0.640489,,{}
1646,58.128,1415110646,user_group-1,0.659971,,{}
1647,58.182,1415110646,user_group-1,0.694204,,{}
1648,58.227,1415110646,user_group-1,0.709159,,{}
1649,58.241,1415110646,user_group-2,0.694995,,{}
1650,58.288,1415110646,user_group-2,0.689931,,{}
1651,58.292,1415110646,user_group-1,0.661718,,{}
1652,58.316,1415110646,user_group-2,0.640687,,{}
1653,58.349,1415110646,user_group-2,0.583436,,{}
1654,58.384,1415110646,user_group-2,0.603044,,{}
1655,58.416,1415110646,user_group-1,0.642864,,{}
1656,58.442,1415110646,user_group-1,0.650266,,{}
1657,58.543,1415110646,user_group-1,0.680697,,{}
1658,58.600,1415110646,user_group-1,0.788890,,{}
1659,58.603,1415110646,user_group-2,0.731649,,{}
1660,58.631,1415110646,user_group-1,0.790636,,{}
1661,58.672,1415110647,user_group-2,0.684670,,{}
1662,58.703,1415110647,user_group-2,0.752973,,{}
1663,58.716,1415110647,user_group-2,0.686848,,{}
1664,58.733,1415110647,user_group-1,0.759518,,{}
1665,58.766,1415110647,user_group-2,0.679357,,{}
1666,58.774,1415110647,user_group-1,0.645777,,{}
1667,58.801,1415110647,user_group-1,0.618938,,{}
1668,58.830,1415110647,user_group-1,0.602957,,{}
1669,58.888,1415110647,user_group-2,0.647681,,{}
1670,58.915,1415110647,user_group-1,0.622709,,{}
1671,58.948,1415110647,user_group-2,0.660583,,{}
1672,59.003,1415110647,user_group-1,0.586800,,{}
1673,59.037,1415110647,user_group-2,0.687880,,{}
1674,59.055,1415110647,user_group-2,0.738531,,{}
1675,59.068,1415110647,user_group-2,0.683723,,{}
1676,59.085,1415110647,user_group-1,0.642794,,{}
1677,59.143,1415110647,user_group-1,0.599795,,{}
1678,59.205,1415110647,user_group-2,0.602168,,{}
1679,59.241,1415110647,user_group-1,0.640372,,{}
1680,59.282,1415110647,user_group-1,0.650760,,{}
1681,59.305,1415110647,user_group-2,0.632205,,{}
1682,59.349,1415110647,user_group-2,0.632437,,{}
1683,59.368,1415110647,user_group-2,0.663937,,{}
1684,59.390,1415110647,user_group-1,0.656229,,{}
1685,59.431,1415110647,user_group-2,0.664775,,{}
1686,59.439,1415110647,user_group-1,0.638494,,{}
1687,59.478,1415110647,user_group-1,0.702910,,{}
1688,59.488,1415110647,user_group-1,0.657118,,{}
1689,59.532,1415110647,user_group-2,0.643381,,{}
1690,59.554,1415110647,user_group-2,0.605842,,{}
1691,59.574,1415110647,user_group-1,0.658629,,{}
1692,59.621,1415110647,user_group-2,0.583859,,{}
1693,59.644,1415110648,user_group-1,0.641277,,{}
1694,59.717,1415110648,user_group-2,0.648869,,{}
1695,59.728,1415110648,user_group-2,0.672717,,{}
1696,59.731,1415110648,user_group-1,0.646024,,{}
1697,59.882,1415110648,user_group-1,0.739641,,{}
1698,59.907,1415110648,user_group-2,0.701688,,{}
1699,59.956,1415110648,user_group-1,0.673667,,{}
1700,59.972,1415110648,user_group-1,0.731658,,{}
1701,60.003,1415110648,user_group-2,0.698525,,{}
1702,60.027,1415110648,user_group-2,0.658757,,{}
1703,60.059,1415110648,user_group-2,0.710095,,{}
1704,60.119,1415110648,user_group-2,0.688757,,{}
1705,60.144,1415110648,user_group-1,0.753776,,{}
1706,60.162,1415110648,user_group-1,0.684498,,{}
1707,60.196,1415110648,user_group-1,0.756467,,{}
1708,60.222,1415110648,user_group-1,0.734921,,{}
1709,60.225,1415110648,user_group-2,0.693238,,{}
1710,60.247,1415110648,user_group-2,0.692585,,{}
1711,60.290,1415110648,user_group-1,0.715560,,{}
1712,60.298,1415110648,user_group-2,0.677570,,{}
1713,60.319,1415110648,user_group-1,0.673348,,{}
1714,60.341,1415110648,user_group-2,0.623470,,{}
1715,60.369,1415110648,user_group-2,0.640773,,{}
1716,60.422,1415110648,user_group-1,0.690849,,{}
1717,60.538,1415110648,user_group-1,0.654970,,{}
1718,60.542,1415110648,user_group-2,0.634416,,{}
1719,60.574,1415110648,user_group-1,0.618226,,{}
1720,60.611,1415110648,user_group-1,0.638685,,{}
